Title,Price,Availability,Rating,Price_Category
A Light in the Attic,51.77,In stock,3,High
Tipping the Velvet,53.74,In stock,1,High
Soumission,50.1,In stock,1,High
Sharp Objects,47.82,In stock,4,High
Sapiens: A Brief History of Humankind,54.23,In stock,5,High
The Requiem Red,22.65,In stock,1,Medium
The Dirty Little Secrets of Getting Your Dream Job,33.34,In stock,4,Medium
"The Coming Woman: A Novel Based on the Life of the Infamous Feminist, Victoria Woodhull",17.93,In stock,3,Low
The Boys in the Boat: Nine Americans and Their Epic Quest for Gold at the 1936 Berlin Olympics,22.6,In stock,4,Medium
The Black Maria,52.15,In stock,1,High
"Starving Hearts (Triangular Trade Trilogy, #1)",13.99,In stock,2,Low
Shakespeare's Sonnets,20.66,In stock,4,Medium
Set Me Free,17.46,In stock,5,Low
Scott Pilgrim's Precious Little Life (Scott Pilgrim #1),52.29,In stock,5,High
Rip it Up and Start Again,35.02,In stock,5,Medium
"Our Band Could Be Your Life: Scenes from the American Indie Underground, 1981-1991",57.25,In stock,3,High
Olio,23.88,In stock,1,Medium
Mesaerion: The Best Science Fiction Stories 1800-1849,37.59,In stock,1,Medium
Libertarianism for Beginners,51.33,In stock,2,High
It's Only the Himalayas,45.17,In stock,2,High
In Her Wake,12.84,In stock,1,Low
How Music Works,37.32,In stock,2,Medium
"Foolproof Preserving: A Guide to Small Batch Jams, Jellies, Pickles, Condiments, and More: A Foolproof Guide to Making Small Batch Jams, Jellies, Pickles, Condiments, and More",30.52,In stock,3,Medium
Chase Me (Paris Nights #2),25.27,In stock,5,Medium
Black Dust,34.53,In stock,5,Medium
Birdsong: A Story in Pictures,54.64,In stock,3,High
America's Cradle of Quarterbacks: Western Pennsylvania's Football Factory from Johnny Unitas to Joe Montana,22.5,In stock,3,Medium
Aladdin and His Wonderful Lamp,53.13,In stock,3,High
Worlds Elsewhere: Journeys Around Shakespeareâs Globe,40.3,In stock,5,High
Wall and Piece,44.18,In stock,4,High
The Four Agreements: A Practical Guide to Personal Freedom,17.66,In stock,5,Low
The Five Love Languages: How to Express Heartfelt Commitment to Your Mate,31.05,In stock,3,Medium
The Elephant Tree,23.82,In stock,5,Medium
The Bear and the Piano,36.89,In stock,1,Medium
Sophie's World,15.94,In stock,5,Low
Penny Maybe,33.29,In stock,3,Medium
Maude (1883-1993):She Grew Up with the country,18.02,In stock,2,Low
"In a Dark, Dark Wood",19.63,In stock,1,Low
Behind Closed Doors,52.22,In stock,4,High
You can't bury them all: Poems,33.63,In stock,2,Medium
Slow States of Collapse: Poems,57.31,In stock,3,High
Reasons to Stay Alive,26.41,In stock,2,Medium
Private Paris (Private #10),47.61,In stock,5,High
#HigherSelfie: Wake Up Your Life. Free Your Soul. Find Your Tribe.,23.11,In stock,5,Medium
Without Borders (Wanderlove #1),45.07,In stock,2,High
When We Collided,31.77,In stock,1,Medium
"We Love You, Charlie Freeman",50.27,In stock,5,High
Untitled Collection: Sabbath Poems 2014,14.27,In stock,4,Low
"Unseen City: The Majesty of Pigeons, the Discreet Charm of Snails & Other Wonders of the Urban Wilderness",44.18,In stock,4,High
Unicorn Tracks,18.78,In stock,3,Low
"Unbound: How Eight Technologies Made Us Human, Transformed Society, and Brought Our World to the Brink",25.52,In stock,1,Medium
Tsubasa: WoRLD CHRoNiCLE 2 (Tsubasa WoRLD CHRoNiCLE #2),16.28,In stock,1,Low
Throwing Rocks at the Google Bus: How Growth Became the Enemy of Prosperity,31.12,In stock,3,Medium
This One Summer,19.49,In stock,4,Low
Thirst,17.27,In stock,5,Low
The Torch Is Passed: A Harding Family Story,19.09,In stock,1,Low
The Secret of Dreadwillow Carse,56.13,In stock,1,High
"The Pioneer Woman Cooks: Dinnertime: Comfort Classics, Freezer Food, 16-Minute Meals, and Other Delicious Ways to Solve Supper!",56.41,In stock,1,High
The Past Never Ends,56.5,In stock,4,High
The Natural History of Us (The Fine Art of Pretending #2),45.22,In stock,3,High
The Nameless City (The Nameless City #1),38.16,In stock,4,Medium
The Murder That Never Was (Forensic Instincts #5),54.11,In stock,3,High
The Most Perfect Thing: Inside (and Outside) a Bird's Egg,42.96,In stock,4,High
"The Mindfulness and Acceptance Workbook for Anxiety: A Guide to Breaking Free from Anxiety, Phobias, and Worry Using Acceptance and Commitment Therapy",23.89,In stock,4,Medium
The Life-Changing Magic of Tidying Up: The Japanese Art of Decluttering and Organizing,16.77,In stock,3,Low
"The Inefficiency Assassin: Time Management Tactics for Working Smarter, Not Longer",20.59,In stock,5,Medium
The Gutsy Girl: Escapades for Your Life of Epic Adventure,37.13,In stock,1,Medium
The Electric Pencil: Drawings from Inside State Hospital No. 3,56.06,In stock,1,High
The Death of Humanity: and the Case for Life,58.11,In stock,4,High
"The Bulletproof Diet: Lose up to a Pound a Day, Reclaim Energy and Focus, Upgrade Your Life",49.05,In stock,3,High
The Art Forger,40.76,In stock,3,High
The Age of Genius: The Seventeenth Century and the Birth of the Modern Mind,19.73,In stock,1,Low
The Activist's Tao Te Ching: Ancient Advice for a Modern Revolution,32.24,In stock,5,Medium
Spark Joy: An Illustrated Master Class on the Art of Organizing and Tidying Up,41.83,In stock,4,High
Soul Reader,39.58,In stock,2,Medium
Security,39.25,In stock,2,Medium
"Saga, Volume 6 (Saga (Collected Editions) #6)",25.02,In stock,3,Medium
"Saga, Volume 5 (Saga (Collected Editions) #5)",51.04,In stock,2,High
Reskilling America: Learning to Labor in the Twenty-First Century,19.83,In stock,2,Low
"Rat Queens, Vol. 3: Demons (Rat Queens (Collected Editions) #11-15)",50.4,In stock,3,High
"Princess Jellyfish 2-in-1 Omnibus, Vol. 01 (Princess Jellyfish 2-in-1 Omnibus #1)",13.61,In stock,5,Low
Princess Between Worlds (Wide-Awake Princess #5),13.34,In stock,5,Low
"Pop Gun War, Volume 1: Gift",18.97,In stock,1,Low
"Political Suicide: Missteps, Peccadilloes, Bad Calls, Backroom Hijinx, Sordid Pasts, Rotten Breaks, and Just Plain Dumb Mistakes in the Annals of American Politics",36.28,In stock,2,Medium
Patience,10.16,In stock,3,Low
"Outcast, Vol. 1: A Darkness Surrounds Him (Outcast #1)",15.44,In stock,4,Low
orange: The Complete Collection 1 (orange: The Complete Collection #1),48.41,In stock,1,High
Online Marketing for Busy Authors: A Step-By-Step Guide,46.35,In stock,1,High
On a Midnight Clear,14.07,In stock,3,Low
Obsidian (Lux #1),14.86,In stock,2,Low
My Paris Kitchen: Recipes and Stories,33.37,In stock,2,Medium
Masks and Shadows,56.4,In stock,2,High
"Mama Tried: Traditional Italian Cooking for the Screwed, Crude, Vegan, and Tattooed",14.02,In stock,4,Low
"Lumberjanes, Vol. 2: Friendship to the Max (Lumberjanes #5-8)",46.91,In stock,2,High
"Lumberjanes, Vol. 1: Beware the Kitten Holy (Lumberjanes #1-4)",45.61,In stock,3,High
Lumberjanes Vol. 3: A Terrible Plan (Lumberjanes #9-12),19.92,In stock,2,Low
"Layered: Baking, Building, and Styling Spectacular Cakes",40.11,In stock,1,High
Judo: Seven Steps to Black Belt (an Introductory Guide for Beginners),53.9,In stock,2,High
Join,35.67,In stock,5,Medium
In the Country We Love: My Family Divided,22.0,In stock,4,Medium
Immunity: How Elie Metchnikoff Changed the Course of Modern Medicine,57.36,In stock,5,High
"I Hate Fairyland, Vol. 1: Madly Ever After (I Hate Fairyland (Compilations) #1-5)",29.17,In stock,2,Medium
I am a Hero Omnibus Volume 1,54.63,In stock,3,High
How to Be Miserable: 40 Strategies You Already Use,46.03,In stock,1,High
Her Backup Boyfriend (The Sorensen Family #1),33.97,In stock,1,Medium
"Giant Days, Vol. 2 (Giant Days #5-8)",22.11,In stock,2,Medium
Forever and Forever: The Courtship of Henry Longfellow and Fanny Appleton,29.69,In stock,3,Medium
First and First (Five Boroughs #3),15.97,In stock,4,Low
Fifty Shades Darker (Fifty Shades #2),21.96,In stock,1,Medium
Everydata: The Misinformation Hidden in the Little Data You Consume Every Day,54.35,In stock,2,High
"Don't Be a Jerk: And Other Practical Advice from Dogen, Japan's Greatest Zen Master",37.97,In stock,2,Medium
Danganronpa Volume 1,51.99,In stock,4,High
Crown of Midnight (Throne of Glass #2),43.29,In stock,3,High
"Codename Baboushka, Volume 1: The Conclave of Death",36.72,In stock,4,Medium
Camp Midnight,17.08,In stock,4,Low
Call the Nurse: True Stories of a Country Nurse on a Scottish Isle,29.14,In stock,5,Medium
Burning,28.81,In stock,3,Medium
Bossypants,49.46,In stock,2,High
"Bitch Planet, Vol. 1: Extraordinary Machine (Bitch Planet (Collected Editions))",37.92,In stock,2,Medium
"Avatar: The Last Airbender: Smoke and Shadow, Part 3 (Smoke and Shadow #3)",28.09,In stock,2,Medium
Algorithms to Live By: The Computer Science of Human Decisions,30.81,In stock,1,Medium
A World of Flavor: Your Gluten Free Passport,42.95,In stock,1,High
"A Piece of Sky, a Grain of Rice: A Memoir in Four Meditations",56.76,In stock,5,High
A Murder in Time,16.64,In stock,1,Low
A Flight of Arrows (The Pathfinders #2),55.53,In stock,5,High
A Fierce and Subtle Poison,28.13,In stock,4,Medium
A Court of Thorns and Roses (A Court of Thorns and Roses #1),52.37,In stock,1,High
(Un)Qualified: How God Uses Broken People to Do Big Things,54.0,In stock,5,High
You Are What You Love: The Spiritual Power of Habit,21.87,In stock,4,Medium
"William Shakespeare's Star Wars: Verily, A New Hope (William Shakespeare's Star Wars #4)",43.3,In stock,4,High
Tuesday Nights in 1980,21.04,In stock,2,Medium
Tracing Numbers on a Train,41.6,In stock,3,High
Throne of Glass (Throne of Glass #1),35.07,In stock,3,Medium
Thomas Jefferson and the Tripoli Pirates: The Forgotten War That Changed American History,59.64,In stock,1,High
Thirteen Reasons Why,52.72,In stock,1,High
The White Cat and the Monk: A Retelling of the Poem âPangur BÃ¡nâ,58.08,In stock,4,High
The Wedding Dress,24.12,In stock,1,Medium
The Vacationers,42.15,In stock,4,High
The Third Wave: An Entrepreneurâs Vision of the Future,12.61,In stock,5,Low
The Stranger,17.44,In stock,4,Low
The Shadow Hero (The Shadow Hero),33.14,In stock,1,Medium
The Secret (The Secret #1),27.37,In stock,4,Medium
The Regional Office Is Under Attack!,51.36,In stock,5,High
The Psychopath Test: A Journey Through the Madness Industry,36.0,In stock,2,Medium
The Project,10.65,In stock,1,Low
The Power of Now: A Guide to Spiritual Enlightenment,43.54,In stock,2,High
The Omnivore's Dilemma: A Natural History of Four Meals,38.21,In stock,2,Medium
The Nerdy Nummies Cookbook: Sweet Treats for the Geek in All of Us,37.34,In stock,5,Medium
The Murder of Roger Ackroyd (Hercule Poirot #4),44.1,In stock,4,High
The Mistake (Off-Campus #2),43.29,In stock,3,High
The Matchmaker's Playbook (Wingmen Inc. #1),55.85,In stock,1,High
The Love and Lemons Cookbook: An Apple-to-Zucchini Celebration of Impromptu Cooking,37.6,In stock,2,Medium
The Long Shadow of Small Ghosts: Murder and Memory in an American City,10.97,In stock,1,Low
The Kite Runner,41.82,In stock,4,High
The House by the Lake,36.95,In stock,1,Medium
The Glittering Court (The Glittering Court #1),44.28,In stock,1,High
The Girl on the Train,55.02,In stock,2,High
The Genius of Birds,17.24,In stock,1,Low
The Emerald Mystery,23.15,In stock,2,Medium
The Cookies & Cups Cookbook: 125+ sweet & savory recipes reminding you to Always Eat Dessert First,41.25,In stock,1,High
The Bridge to Consciousness: I'm Writing the Bridge Between Science and Our Old and New Beliefs.,32.0,In stock,3,Medium
The Artist's Way: A Spiritual Path to Higher Creativity,38.49,In stock,5,Medium
The Art of War,33.34,In stock,5,Medium
The Argonauts,10.93,In stock,2,Low
The 10% Entrepreneur: Live Your Startup Dream Without Quitting Your Day Job,27.55,In stock,3,Medium
Suddenly in Love (Lake Haven #1),55.99,In stock,2,High
Something More Than This,16.24,In stock,4,Low
Soft Apocalypse,26.12,In stock,2,Medium
So You've Been Publicly Shamed,12.23,In stock,2,Low
Shoe Dog: A Memoir by the Creator of NIKE,23.99,In stock,2,Medium
"Shobu Samurai, Project Aryoku (#3)",29.06,In stock,3,Medium
Secrets and Lace (Fatal Hearts #1),20.27,In stock,1,Medium
Scarlett Epstein Hates It Here,43.55,In stock,5,High
Romero and Juliet: A Tragic Tale of Love and Zombies,36.94,In stock,1,Medium
Redeeming Love,20.47,In stock,5,Medium
Poses for Artists Volume 1 - Dynamic and Sitting Poses: An Essential Reference for Figure Drawing and the Human Form,41.06,In stock,1,High
Poems That Make Grown Women Cry,14.19,In stock,4,Low
"Nightingale, Sing",38.28,In stock,1,Medium
Night Sky with Exit Wounds,41.05,In stock,1,High
Mrs. Houdini,30.25,In stock,5,Medium
Modern Romance,28.26,In stock,5,Medium
Miss Peregrineâs Home for Peculiar Children (Miss Peregrineâs Peculiar Children #1),10.76,In stock,1,Low
Louisa: The Extraordinary Life of Mrs. Adams,16.85,In stock,2,Low
Little Red,13.47,In stock,3,Low
Library of Souls (Miss Peregrineâs Peculiar Children #3),48.56,In stock,5,High
Large Print Heart of the Pride,19.15,In stock,2,Low
I Had a Nice Time And Other Lies...: How to find love & sh*t like that,57.36,In stock,4,High
Hollow City (Miss Peregrineâs Peculiar Children #2),42.98,In stock,1,High
Grumbles,22.16,In stock,2,Medium
Full Moon over Noahâs Ark: An Odyssey to Mount Ararat and Beyond,49.43,In stock,4,High
Frostbite (Vampire Academy #2),29.99,In stock,5,Medium
Follow You Home,21.36,In stock,1,Medium
First Steps for New Christians (Print Edition),29.0,In stock,1,Medium
Finders Keepers (Bill Hodges Trilogy #2),53.53,In stock,5,High
"Fables, Vol. 1: Legends in Exile (Fables #1)",41.62,In stock,4,High
Eureka Trivia 6.0,54.59,In stock,4,High
Drive: The Surprising Truth About What Motivates Us,34.95,In stock,4,Medium
Done Rubbed Out (Reightman & Bailey #1),37.72,In stock,5,Medium
Doing It Over (Most Likely To #1),35.61,In stock,3,Medium
"Deliciously Ella Every Day: Quick and Easy Recipes for Gluten-Free Snacks, Packed Lunches, and Simple Meals",42.16,In stock,3,High
Dark Notes,19.19,In stock,5,Low
"Daring Greatly: How the Courage to Be Vulnerable Transforms the Way We Live, Love, Parent, and Lead",19.43,In stock,3,Low
Close to You,49.46,In stock,4,High
Chasing Heaven: What Dying Taught Me About Living,37.8,In stock,2,Medium
Big Magic: Creative Living Beyond Fear,30.8,In stock,3,Medium
Becoming Wise: An Inquiry into the Mystery and Art of Living,27.43,In stock,2,Medium
Beauty Restored (Riley Family Legacy Novellas #3),11.11,In stock,2,Low
Batman: The Long Halloween (Batman),36.5,In stock,2,Medium
Batman: The Dark Knight Returns (Batman),15.38,In stock,5,Low
Ayumi's Violin,15.48,In stock,2,Low
Anonymous,46.82,In stock,4,High
Amy Meets the Saints and Sages,18.46,In stock,3,Low
Amid the Chaos,36.58,In stock,1,Medium
Amatus,50.54,In stock,5,High
Agnostic: A Spirited Manifesto,12.51,In stock,5,Low
Zealot: The Life and Times of Jesus of Nazareth,24.7,In stock,3,Medium
You (You #1),43.61,In stock,5,High
"Wonder Woman: Earth One, Volume One (Wonder Woman: Earth One #1)",37.34,In stock,4,Medium
Wild Swans,14.36,In stock,2,Low
Why the Right Went Wrong: Conservatism--From Goldwater to the Tea Party and Beyond,52.65,In stock,4,High
Whole Lotta Creativity Going On: 60 Fun and Unusual Exercises to Awaken and Strengthen Your Creativity,38.2,In stock,4,Medium
What's It Like in Space?: Stories from Astronauts Who've Been There,19.6,In stock,2,Low
"We Are Robin, Vol. 1: The Vigilante Business (We Are Robin #1)",53.9,In stock,1,High
Walt Disney's Alice in Wonderland,12.96,In stock,5,Low
V for Vendetta (V for Vendetta Complete),37.1,In stock,4,Medium
Until Friday Night (The Field Party #1),46.31,In stock,2,High
"Unbroken: A World War II Story of Survival, Resilience, and Redemption",45.95,In stock,2,High
Twenty Yawns,22.08,In stock,2,Medium
Through the Woods,25.38,In stock,2,Medium
This Is Where It Ends,27.12,In stock,2,Medium
The Year of Magical Thinking,43.04,In stock,2,High
The Wright Brothers,56.8,In stock,4,High
The White Queen (The Cousins' War #1),25.91,In stock,5,Medium
The Wedding Pact (The O'Malleys #2),32.61,In stock,3,Medium
The Time Keeper,27.88,In stock,5,Medium
The Testament of Mary,52.67,In stock,4,High
The Star-Touched Queen,46.02,In stock,5,High
The Songs of the Gods,44.48,In stock,5,High
The Song of Achilles,37.4,In stock,5,Medium
The Rosie Project (Don Tillman #1),54.04,In stock,1,High
The Power of Habit: Why We Do What We Do in Life and Business,16.88,In stock,3,Low
The Marriage of Opposites,28.08,In stock,4,Medium
The Lucifer Effect: Understanding How Good People Turn Evil,10.4,In stock,1,Low
The Long Haul (Diary of a Wimpy Kid #9),44.07,In stock,1,High
The Loney,23.4,In stock,1,Medium
The Literature Book (Big Ideas Simply Explained),17.43,In stock,3,Low
The Last Mile (Amos Decker #2),54.21,In stock,2,High
The Immortal Life of Henrietta Lacks,40.67,In stock,2,High
The Hidden Oracle (The Trials of Apollo #1),52.26,In stock,2,High
The Help Yourself Cookbook for Kids: 60 Easy Plant-Based Recipes Kids Can Make to Stay Healthy and Save the Earth,28.77,In stock,3,Medium
The Guilty (Will Robie #4),13.82,In stock,2,Low
The First Hostage (J.B. Collins #2),25.85,In stock,3,Medium
The Dovekeepers,48.78,In stock,1,High
The Darkest Lie,35.35,In stock,5,Medium
The Bane Chronicles (The Bane Chronicles #1-11),44.73,In stock,4,High
The Bad-Ass Librarians of Timbuktu: And Their Race to Save the Worldâs Most Precious Manuscripts,15.77,In stock,1,Low
The 14th Colony (Cotton Malone #11),39.24,In stock,1,Medium
That Darkness (Gardiner and Renner #1),13.92,In stock,1,Low
Tastes Like Fear (DI Marnie Rome #3),10.69,In stock,1,Low
Take Me with You,45.21,In stock,3,High
Swell: A Year of Waves,45.58,In stock,1,High
Superman Vol. 1: Before Truth (Superman by Gene Luen Yang #1),11.89,In stock,5,Low
Still Life with Bread Crumbs,26.41,In stock,3,Medium
Steve Jobs,39.5,In stock,5,Medium
Sorting the Beef from the Bull: The Science of Food Fraud Forensics,44.74,In stock,4,High
Someone Like You (The Harrisons #2),52.79,In stock,5,High
"So Cute It Hurts!!, Vol. 6 (So Cute It Hurts!! #6)",35.43,In stock,4,Medium
Shtum,55.84,In stock,4,High
See America: A Celebration of Our National Parks & Treasured Sites,48.87,In stock,3,High
salt.,46.78,In stock,4,High
Robin War,47.82,In stock,3,High
"Red Hood/Arsenal, Vol. 1: Open for Business (Red Hood/Arsenal #1)",25.48,In stock,2,Medium
Rain Fish,23.57,In stock,3,Medium
"Quarter Life Poetry: Poems for the Young, Broke and Hangry",50.89,In stock,5,High
Pet Sematary,10.56,In stock,3,Low
"Overload: How to Unplug, Unwind, and Unleash Yourself from the Pressure of Stress",52.15,In stock,3,High
Once Was a Time,18.28,In stock,2,Low
Old School (Diary of a Wimpy Kid #10),11.83,In stock,5,Low
No Dream Is Too High: Life Lessons From a Man Who Walked on the Moon,21.95,In stock,2,Medium
"Naruto (3-in-1 Edition), Vol. 14: Includes Vols. 40, 41 & 42 (Naruto: Omnibus #14)",38.39,In stock,2,Medium
My Name Is Lucy Barton,41.56,In stock,1,High
My Mrs. Brown,24.48,In stock,3,Medium
My Kind of Crazy,40.36,In stock,1,High
Mr. Mercedes (Bill Hodges Trilogy #1),28.9,In stock,1,Medium
More Than Music (Chasing the Dream #1),37.61,In stock,2,Medium
Made to Stick: Why Some Ideas Survive and Others Die,38.85,In stock,5,Medium
Luis Paints the World,53.95,In stock,3,High
Luckiest Girl Alive,49.83,In stock,3,High
Lowriders to the Center of the Earth (Lowriders in Space #2),51.51,In stock,2,High
Love Is a Mix Tape (Music #1),18.03,In stock,1,Low
Looking for Lovely: Collecting the Moments that Matter,29.14,In stock,5,Medium
"Living Leadership by Insight: A Good Leader Achieves, a Great Leader Builds Monuments",46.91,In stock,4,High
Let It Out: A Journey Through Journaling,26.79,In stock,5,Medium
Lady Midnight (The Dark Artifices #1),16.28,In stock,5,Low
"It's All Easy: Healthy, Delicious Weeknight Meals in under 30 Minutes",19.55,In stock,1,Low
Island of Dragons (Unwanteds #7),29.65,In stock,1,Medium
I Know What I'm Doing -- and Other Lies I Tell Myself: Dispatches from a Life Under Construction,25.98,In stock,4,Medium
I Am Pilgrim (Pilgrim #1),10.6,In stock,4,Low
"Hyperbole and a Half: Unfortunate Situations, Flawed Coping Mechanisms, Mayhem, and Other Things That Happened",14.75,In stock,5,Low
"Hush, Hush (Hush, Hush #1)",47.02,In stock,3,High
Hold Your Breath (Search and Rescue #1),28.82,In stock,1,Medium
Hamilton: The Revolution,58.79,In stock,3,High
Greek Mythic History,10.23,In stock,5,Low
God: The Most Unpleasant Character in All Fiction,30.03,In stock,5,Medium
Glory over Everything: Beyond The Kitchen House,45.84,In stock,3,High
Feathers: Displays of Brilliant Plumage,49.05,In stock,3,High
"Far & Away: Places on the Brink of Change: Seven Continents, Twenty-Five Years",15.06,In stock,4,Low
Every Last Word,46.47,In stock,3,High
Eligible (The Austen Project #4),27.09,In stock,3,Medium
El Deafo,57.62,In stock,5,High
Eight Hundred Grapes,14.39,In stock,4,Low
"Eaternity: More than 150 Deliciously Easy Vegan Recipes for a Long, Healthy, Satisfied, Joyful Life",51.75,In stock,5,High
"Eat Fat, Get Thin",54.07,In stock,2,High
Don't Get Caught,55.35,In stock,1,High
Doctor Sleep (The Shining #2),40.12,In stock,2,High
Demigods & Magicians: Percy and Annabeth Meet the Kanes (Percy Jackson & Kane Chronicles Crossover #1-3),37.51,In stock,5,Medium
Dear Mr. Knightley,11.21,In stock,5,Low
Daily Fantasy Sports,36.58,In stock,1,Medium
Crazy Love: Overwhelmed by a Relentless God,47.72,In stock,2,High
Cometh the Hour (The Clifton Chronicles #6),25.01,In stock,3,Medium
Code Name Verity (Code Name Verity #1),22.13,In stock,4,Medium
Clockwork Angel (The Infernal Devices #1),44.14,In stock,1,High
City of Glass (The Mortal Instruments #3),56.02,In stock,4,High
City of Fallen Angels (The Mortal Instruments #4),11.23,In stock,4,Low
City of Bones (The Mortal Instruments #1),43.28,In stock,1,High
City of Ashes (The Mortal Instruments #2),47.27,In stock,1,High
Cell,20.29,In stock,4,Medium
Catching Jordan (Hundred Oaks),50.83,In stock,3,High
"Carry On, Warrior: Thoughts on Life Unarmed",31.85,In stock,3,Medium
Carrie,46.23,In stock,2,High
Buying In: The Secret Dialogue Between What We Buy and Who We Are,37.8,In stock,4,Medium
Brain on Fire: My Month of Madness,49.32,In stock,5,High
Batman: Europa,32.01,In stock,2,Medium
Barefoot Contessa Back to Basics,28.01,In stock,1,Medium
Barefoot Contessa at Home: Everyday Recipes You'll Make Over and Over Again,50.62,In stock,5,High
Balloon Animals,17.03,In stock,3,Low
Art Ops Vol. 1,48.8,In stock,3,High
Aristotle and Dante Discover the Secrets of the Universe (Aristotle and Dante Discover the Secrets of the Universe #1),58.14,In stock,4,High
Angels Walking (Angels Walking #1),34.2,In stock,2,Medium
Angels & Demons (Robert Langdon #1),51.48,In stock,3,High
All the Light We Cannot See,29.87,In stock,5,Medium
"Adulthood Is a Myth: A ""Sarah's Scribbles"" Collection",10.9,In stock,2,Low
Abstract City,56.37,In stock,5,High
A Time of Torment (Charlie Parker #14),48.35,In stock,5,High
A Study in Scarlet (Sherlock Holmes #1),16.73,In stock,2,Low
"A Series of Catastrophes and Miracles: A True Story of Love, Science, and Cancer",56.48,In stock,2,High
A People's History of the United States,40.79,In stock,2,High
A Man Called Ove,39.72,In stock,1,Medium
A Distant Mirror: The Calamitous 14th Century,14.58,In stock,3,Low
A Brush of Wings (Angels Walking #3),55.51,In stock,1,High
1491: New Revelations of the Americas Before Columbus,21.8,In stock,3,Medium
"The Three Searches, Meaning, and the Story",13.33,In stock,3,Low
Searching for Meaning in Gailana,38.73,In stock,1,Medium
Rook,37.86,In stock,4,Medium
My Kitchen Year: 136 Recipes That Saved My Life,11.53,In stock,2,Low
13 Hours: The Inside Account of What Really Happened In Benghazi,27.06,In stock,1,Medium
Will You Won't You Want Me?,13.86,In stock,3,Low
Tipping Point for Planet Earth: How Close Are We to the Edge?,37.55,In stock,1,Medium
The Star-Touched Queen,32.3,In stock,5,Medium
The Silent Sister (Riley MacPherson #1),46.29,In stock,5,High
The Midnight Watch: A Novel of the Titanic and the Californian,26.2,In stock,1,Medium
The Lonely City: Adventures in the Art of Being Alone,33.26,In stock,2,Medium
The Gray Rhino: How to Recognize and Act on the Obvious Dangers We Ignore,59.15,In stock,4,High
The Golden Condom: And Other Essays on Love Lost and Found,39.43,In stock,1,Medium
The Epidemic (The Program 0.6),14.44,In stock,5,Low
The Dinner Party,56.54,In stock,2,High
The Diary of a Young Girl,59.9,In stock,3,High
The Children,11.88,In stock,3,Low
Stars Above (The Lunar Chronicles #4.5),48.05,In stock,2,High
Snatched: How A Drug Queen Went Undercover for the DEA and Was Kidnapped By Colombian Guerillas,21.21,In stock,3,Medium
Raspberry Pi Electronics Projects for the Evil Genius,49.67,In stock,4,High
Quench Your Own Thirst: Business Lessons Learned Over a Beer or Two,43.14,In stock,1,High
Psycho: Sanitarium (Psycho #1.5),36.97,In stock,5,Medium
Poisonous (Max Revere Novels #3),26.8,In stock,3,Medium
One with You (Crossfire #5),15.71,In stock,4,Low
No Love Allowed (Dodge Cove #1),54.65,In stock,4,High
Murder at the 42nd Street Library (Raymond Ambler #1),54.36,In stock,4,High
Most Wanted,35.28,In stock,3,Medium
"Love, Lies and Spies",20.55,In stock,2,Medium
How to Speak Golf: An Illustrated Guide to Links Lingo,58.32,In stock,5,High
Hide Away (Eve Duncan #20),11.84,In stock,1,Low
Furiously Happy: A Funny Book About Horrible Things,41.46,In stock,4,High
Everyday Italian: 125 Simple and Delicious Recipes,20.1,In stock,5,Medium
Equal Is Unfair: America's Misguided Fight Against Income Inequality,56.86,In stock,1,High
Eleanor & Park,56.51,In stock,5,High
Dirty (Dive Bar #1),40.83,In stock,4,High
Can You Keep a Secret? (Fear Street Relaunch #4),48.64,In stock,1,High
Boar Island (Anna Pigeon #19),59.48,In stock,3,High
A Paris Apartment,39.01,In stock,4,Medium
"A la Mode: 120 Recipes in 60 Pairings: Pies, Tarts, Cakes, Crisps, and More Topped with Ice Cream, Gelato, Frozen Custard, and More",38.77,In stock,1,Medium
Troublemaker: Surviving Hollywood and Scientology,48.39,In stock,2,High
The Widow,27.26,In stock,2,Medium
"The Sleep Revolution: Transforming Your Life, One Night at a Time",11.68,In stock,4,Low
The Improbability of Love,59.45,In stock,1,High
The Art of Startup Fundraising,21.0,In stock,3,Medium
Take Me Home Tonight (Rock Star Romance #3),53.98,In stock,3,High
Sleeping Giants (Themis Files #1),48.74,In stock,1,High
"Setting the World on Fire: The Brief, Astonishing Life of St. Catherine of Siena",21.15,In stock,2,Medium
Playing with Fire,13.71,In stock,3,Low
Off the Hook (Fishing for Trouble #1),47.67,In stock,3,High
Mothering Sunday,13.34,In stock,2,Low
"Mother, Can You Not?",16.89,In stock,5,Low
M Train,27.18,In stock,1,Medium
Lilac Girls,17.28,In stock,2,Low
Lies and Other Acts of Love,45.14,In stock,1,High
Lab Girl,40.85,In stock,1,High
Keep Me Posted,20.46,In stock,4,Medium
It Didn't Start with You: How Inherited Family Trauma Shapes Who We Are and How to End the Cycle,56.27,In stock,3,High
Grey (Fifty Shades #4),48.49,In stock,4,High
"Exit, Pursued by a Bear",51.34,In stock,4,High
Daredevils,16.34,In stock,3,Low
Cravings: Recipes for What You Want to Eat,20.5,In stock,3,Medium
Born for This: How to Find the Work You Were Meant to Do,21.59,In stock,5,Medium
Arena,21.36,In stock,4,Medium
Adultery,20.88,In stock,5,Medium
A Mother's Reckoning: Living in the Aftermath of Tragedy,19.53,In stock,3,Low
A Gentleman's Position (Society of Gentlemen #3),14.75,In stock,5,Low
11/22/63,48.48,In stock,3,High
"10% Happier: How I Tamed the Voice in My Head, Reduced Stress Without Losing My Edge, and Found Self-Help That Actually Works",24.57,In stock,2,Medium
10-Day Green Smoothie Cleanse: Lose Up to 15 Pounds in 10 Days!,49.71,In stock,5,High
Without Shame,48.27,In stock,5,High
Watchmen,58.05,In stock,4,High
Unlimited Intuition Now,58.87,In stock,4,High
Underlying Notes,11.82,In stock,2,Low
The Shack,28.03,In stock,1,Medium
The New Brand You: Your New Image Makes the Sale for You,44.05,In stock,5,High
"The Moosewood Cookbook: Recipes from Moosewood Restaurant, Ithaca, New York",12.34,In stock,4,Low
The Flowers Lied,16.68,In stock,2,Low
"The Fabric of the Cosmos: Space, Time, and the Texture of Reality",55.91,In stock,1,High
The Book of Mormon,24.57,In stock,3,Medium
The Art and Science of Low Carbohydrate Living,52.98,In stock,5,High
The Alien Club,54.4,In stock,1,High
Suzie Snowflake: One beautiful flake (a self-esteem story),54.81,In stock,5,High
Nap-a-Roo,25.08,In stock,1,Medium
"NaNo What Now? Finding your editing process, revising your NaNoWriMo book and building a writing career through publishing and beyond",10.41,In stock,4,Low
Modern Day Fables,47.44,In stock,2,High
If I Gave You God's Phone Number....: Searching for Spirituality in America,20.91,In stock,1,Medium
"Fruits Basket, Vol. 9 (Fruits Basket #9)",33.95,In stock,4,Medium
Dress Your Family in Corduroy and Denim,43.68,In stock,3,High
Don't Forget Steven,33.23,In stock,1,Medium
Chernobyl 01:23:40: The Incredible True Story of the World's Worst Nuclear Disaster,35.92,In stock,2,Medium
Art and Fear: Observations on the Perils (and Rewards) of Artmaking,48.63,In stock,4,High
A Shard of Ice (The Black Symphony Saga #1),56.63,In stock,3,High
A Hero's Curse (The Unseen Chronicles #1),50.49,In stock,3,High
23 Degrees South: A Tropical Tale of Changing Whether...,35.79,In stock,2,Medium
"Zero to One: Notes on Startups, or How to Build the Future",34.06,In stock,3,Medium
Why Not Me?,17.76,In stock,1,Low
When Breath Becomes Air,39.36,In stock,2,Medium
Vagabonding: An Uncommon Guide to the Art of Long-Term World Travel,36.94,In stock,2,Medium
The Unlikely Pilgrimage of Harold Fry (Harold Fry #1),43.62,In stock,5,High
The New Drawing on the Right Side of the Brain,43.02,In stock,3,High
"The Midnight Assassin: Panic, Scandal, and the Hunt for America's First Serial Killer",28.45,In stock,4,Medium
The Martian (The Martian #1),41.39,In stock,2,High
The High Mountains of Portugal,51.15,In stock,1,High
The Grownup,35.88,In stock,1,Medium
The E-Myth Revisited: Why Most Small Businesses Don't Work and What to Do About It,36.91,In stock,1,Medium
South of Sunshine,28.93,In stock,1,Medium
Smarter Faster Better: The Secrets of Being Productive in Life and Business,38.89,In stock,5,Medium
Silence in the Dark (Logan Point #4),58.33,In stock,3,High
Shadows of the Past (Logan Point #1),39.67,In stock,5,Medium
Roller Girl,14.1,In stock,5,Low
Rising Strong,21.82,In stock,3,Medium
Proofs of God: Classical Arguments from Tertullian to Barth,54.21,In stock,1,High
Please Kill Me: The Uncensored Oral History of Punk,31.19,In stock,4,Medium
Out of Print: City Lights Spotlight No. 14,53.64,In stock,5,High
My Life Next Door (My Life Next Door ),36.39,In stock,5,Medium
Miller's Valley,58.54,In stock,2,High
Man's Search for Meaning,29.48,In stock,3,Medium
"Love That Boy: What Two Presidents, Eight Road Trips, and My Son Taught Me About a Parent's Expectations",25.06,In stock,2,Medium
Living Forward: A Proven Plan to Stop Drifting and Get the Life You Want,12.55,In stock,3,Low
Les Fleurs du Mal,29.04,In stock,5,Medium
Left Behind (Left Behind #1),40.72,In stock,2,High
Kill 'Em and Leave: Searching for James Brown and the American Soul,45.05,In stock,5,High
Kierkegaard: A Christian Missionary to Christians,47.13,In stock,1,High
John Vassos: Industrial Design for Modern Life,20.22,In stock,4,Medium
I'll Give You the Sun,56.48,In stock,1,High
I Will Find You,44.21,In stock,1,High
Hystopia: A Novel,21.96,In stock,4,Medium
Howl and Other Poems,40.45,In stock,2,High
History of Beauty,10.29,In stock,4,Low
Heaven is for Real: A Little Boy's Astounding Story of His Trip to Heaven and Back,52.86,In stock,2,High
Future Shock (Future Shock #1),55.65,In stock,5,High
Ender's Game (The Ender Quintet #1),43.64,In stock,1,High
Diary of a Citizen Scientist: Chasing Tiger Beetles and Other New Ways of Engaging the World,28.41,In stock,1,Medium
Death by Leisure: A Cautionary Tale,37.51,In stock,4,Medium
Brilliant Beacons: A History of the American Lighthouse,11.45,In stock,3,Low
Brazen: The Courage to Find the You That's Been Hiding,19.22,In stock,2,Low
Between the World and Me,56.91,In stock,4,High
Being Mortal: Medicine and What Matters in the End,55.06,In stock,4,High
"A Murder Over a Girl: Justice, Gender, Junior High",13.2,In stock,3,Low
32 Yolks,53.63,In stock,2,High
"""Most Blessed of the Patriarchs"": Thomas Jefferson and the Empire of the Imagination",44.48,In stock,5,High
You Are a Badass: How to Stop Doubting Your Greatness and Start Living an Awesome Life,12.08,In stock,3,Low
Wildlife of New York: A Five-Borough Coloring Book,22.14,In stock,2,Medium
What Happened on Beale Street (Secrets of the South Mysteries #2),25.37,In stock,5,Medium
Unreasonable Hope: Finding Faith in the God Who Brings Purpose to Your Pain,46.33,In stock,2,High
Under the Tuscan Sun,37.33,In stock,3,Medium
Toddlers Are A**holes: It's Not Your Fault,25.55,In stock,1,Medium
The Year of Living Biblically: One Man's Humble Quest to Follow the Bible as Literally as Possible,34.72,In stock,1,Medium
The Whale,35.96,In stock,4,Medium
The Story of Art,41.14,In stock,4,High
The Origin of Species,10.01,In stock,4,Low
The Great Gatsby,36.05,In stock,4,Medium
The Good Girl,49.03,In stock,3,High
The Glass Castle,16.24,In stock,1,Low
The Faith of Christopher Hitchens: The Restless Soul of the World's Most Notorious Atheist,39.55,In stock,1,Medium
The Drowning Girls,35.67,In stock,3,Medium
The Constant Princess (The Tudor Court #1),16.62,In stock,3,Low
The Bourne Identity (Jason Bourne #1),42.78,In stock,4,High
The Bachelor Girl's Guide to Murder (Herringford and Watts Mysteries #1),52.3,In stock,5,High
The Art Book,32.34,In stock,2,Medium
The 7 Habits of Highly Effective People: Powerful Lessons in Personal Change,33.17,In stock,4,Medium
Team of Rivals: The Political Genius of Abraham Lincoln,20.12,In stock,5,Medium
Steal Like an Artist: 10 Things Nobody Told You About Being Creative,20.9,In stock,2,Medium
"Sit, Stay, Love",20.9,In stock,3,Medium
Sister Dear,40.2,In stock,4,High
"Shrunken Treasures: Literary Classics, Short, Sweet, and Silly",52.87,In stock,3,High
"Rich Dad, Poor Dad",51.74,In stock,1,High
Raymie Nightingale,34.41,In stock,2,Medium
Playing from the Heart,32.38,In stock,1,Medium
Nightstruck: A Novel,50.35,In stock,4,High
"Naturally Lean: 125 Nourishing Gluten-Free, Plant-Based Recipes--All Under 300 Calories",11.38,In stock,5,Low
Meternity,43.58,In stock,3,High
Memoirs of a Geisha,49.67,In stock,3,High
Like Never Before (Walker Family #2),28.77,In stock,2,Medium
Life of Pi,13.22,In stock,4,Low
Leave This Song Behind: Teen Poetry at Its Best,51.17,In stock,5,High
King's Folly (The Kinsman Chronicles #1),39.61,In stock,5,Medium
John Adams,57.43,In stock,4,High
How to Cook Everything Vegetarian: Simple Meatless Recipes for Great Food (How to Cook Everything),46.01,In stock,4,High
How to Be a Domestic Goddess: Baking and the Art of Comfort Cooking,28.25,In stock,2,Medium
Good in Bed (Cannie Shapiro #1),37.05,In stock,5,Medium
"Fruits Basket, Vol. 7 (Fruits Basket #7)",19.57,In stock,1,Low
For the Love: Fighting for Grace in a World of Impossible Standards,45.13,In stock,3,High
Finding God in the Ruins: How God Redeems Pain,46.64,In stock,2,High
Every Heart a Doorway (Every Heart A Doorway #1),12.16,In stock,5,Low
Delivering the Truth (Quaker Midwife Mystery #1),20.89,In stock,4,Medium
Counted With the Stars (Out from Egypt #1),17.97,In stock,5,Low
"Chronicles, Vol. 1",52.6,In stock,2,High
Blue Like Jazz: Nonreligious Thoughts on Christian Spirituality,25.77,In stock,1,Medium
Benjamin Franklin: An American Life,48.19,In stock,3,High
"At The Existentialist CafÃ©: Freedom, Being, and apricot cocktails with: Jean-Paul Sartre, Simone de Beauvoir, Albert Camus, Martin Heidegger, Edmund Husserl, Karl Jaspers, Maurice Merleau-Ponty and others",29.93,In stock,5,Medium
A Summer In Europe,44.34,In stock,2,High
A Short History of Nearly Everything,52.4,In stock,5,High
A Gathering of Shadows (Shades of Magic #2),44.81,In stock,4,High
The Sound Of Love,57.84,In stock,5,High
The Rise and Fall of the Third Reich: A History of Nazi Germany,39.67,In stock,2,Medium
The Perks of Being a Wallflower,55.02,In stock,3,High
The Mysterious Affair at Styles (Hercule Poirot #1),24.8,In stock,4,Medium
The Man Who Mistook His Wife for a Hat and Other Clinical Tales,59.45,In stock,4,High
The Makings of a Fatherless Child,31.58,In stock,2,Medium
The Joy of Cooking,43.27,In stock,4,High
The Invention of Wings,37.34,In stock,1,Medium
The Hobbit (Middle-Earth Universe),17.8,In stock,5,Low
The Great Railway Bazaar,30.54,In stock,1,Medium
The Golden Compass (His Dark Materials #1),18.77,In stock,1,Low
The God Delusion,46.85,In stock,3,High
The Girl You Left Behind (The Girl You Left Behind #1),15.79,In stock,1,Low
The Fellowship of the Ring (The Lord of the Rings #1),10.27,In stock,2,Low
The Collected Poems of W.B. Yeats (The Collected Works of W.B. Yeats #1),15.42,In stock,5,Low
The Barefoot Contessa Cookbook,59.92,In stock,5,High
Tell the Wolves I'm Home,50.96,In stock,2,High
Ship Leaves Harbor: Essays on Travel by a Recovering Journeyman,30.6,In stock,3,Medium
Pride and Prejudice,19.27,In stock,4,Low
Musicophilia: Tales of Music and the Brain,46.58,In stock,1,High
Mere Christianity,48.51,In stock,3,High
Me Before You (Me Before You #1),19.02,In stock,1,Low
In the Woods (Dublin Murder Squad #1),38.38,In stock,2,Medium
In Cold Blood,49.98,In stock,4,High
How to Stop Worrying and Start Living,46.49,In stock,5,High
Give It Back,18.32,In stock,2,Low
"Girl, Interrupted",42.14,In stock,3,High
Fun Home: A Family Tragicomic,56.59,In stock,4,High
"Fruits Basket, Vol. 6 (Fruits Basket #6)",20.96,In stock,4,Medium
Deception Point,40.32,In stock,4,High
"Death Note, Vol. 6: Give-and-Take (Death Note #6)",36.39,In stock,3,Medium
Catherine the Great: Portrait of a Woman,58.55,In stock,4,High
Better Homes and Gardens New Cook Book,39.61,In stock,3,Medium
An Unquiet Mind: A Memoir of Moods and Madness,21.3,In stock,3,Medium
A Year in Provence (Provence #1),56.88,In stock,4,High
World Without End (The Pillars of the Earth #2),32.97,In stock,4,Medium
"Will Grayson, Will Grayson (Will Grayson, Will Grayson)",47.31,In stock,4,High
Why Save the Bankers?: And Other Essays on Our Economic and Political Crisis,48.67,In stock,2,High
Where She Went (If I Stay #2),41.73,In stock,4,High
What If?: Serious Scientific Answers to Absurd Hypothetical Questions,53.68,In stock,4,High
Two Summers,14.64,In stock,1,Low
This Is Your Brain on Music: The Science of a Human Obsession,38.4,In stock,1,Medium
The Secret Garden,15.08,In stock,4,Low
The Raven King (The Raven Cycle #4),30.57,In stock,2,Medium
The Raven Boys (The Raven Cycle #1),57.74,In stock,4,High
The Power Greens Cookbook: 140 Delicious Superfood Recipes,11.05,In stock,5,Low
The Metamorphosis,28.58,In stock,1,Medium
The Mathews Men: Seven Brothers and the War Against Hitler's U-boats,42.91,In stock,5,High
The Little Paris Bookshop,24.73,In stock,3,Medium
The Hiding Place,55.91,In stock,4,High
The Grand Design,13.76,In stock,3,Low
The Firm,45.56,In stock,3,High
The Fault in Our Stars,47.22,In stock,1,High
The False Prince (The Ascendance Trilogy #1),56.0,In stock,5,High
The Expatriates,44.58,In stock,2,High
The Dream Thieves (The Raven Cycle #2),34.5,In stock,1,Medium
The Darkest Corners,11.33,In stock,5,Low
The Crossover,38.77,In stock,4,Medium
The 5th Wave (The 5th Wave #1),11.83,In stock,2,Low
Tell the Wind and Fire,45.51,In stock,3,High
Tell Me Three Things,41.81,In stock,1,High
Talking to Girls About Duran Duran: One Young Man's Quest for True Love and a Cooler Haircut,25.15,In stock,4,Medium
Siddhartha,34.22,In stock,5,Medium
Shiver (The Wolves of Mercy Falls #1),16.23,In stock,5,Low
Remember Me?,11.48,In stock,3,Low
Red Dragon (Hannibal Lecter #1),23.37,In stock,3,Medium
Peak: Secrets from the New Science of Expertise,16.28,In stock,2,Low
My Mother Was Nuts,31.63,In stock,4,Medium
Mexican Today: New and Rediscovered Recipes for Contemporary Kitchens,24.91,In stock,5,Medium
Maybe Something Beautiful: How Art Transformed a Neighborhood,22.54,In stock,1,Medium
Lola and the Boy Next Door (Anna and the French Kiss #2),23.63,In stock,4,Medium
Logan Kade (Fallen Crest High #5.5),13.12,In stock,2,Low
Last One Home (New Beginnings #1),59.98,In stock,3,High
Killing Floor (Jack Reacher #1),31.49,In stock,4,Medium
Kill the Boy Band,15.52,In stock,5,Low
Isla and the Happily Ever After (Anna and the French Kiss #3),48.13,In stock,5,High
If I Stay (If I Stay #1),38.13,In stock,5,Medium
I Know Why the Caged Bird Sings (Maya Angelou's Autobiography #1),36.55,In stock,2,Medium
Harry Potter and the Deathly Hallows (Harry Potter #7),23.32,In stock,1,Medium
"Fruits Basket, Vol. 5 (Fruits Basket #5)",16.33,In stock,1,Low
Foundation (Foundation (Publication Order) #1),32.42,In stock,1,Medium
Fool Me Once,16.96,In stock,1,Low
Find Her (Detective D.D. Warren #8),22.37,In stock,1,Medium
Evicted: Poverty and Profit in the American City,42.27,In stock,1,High
Drama,38.7,In stock,2,Medium
Dracula the Un-Dead,35.63,In stock,5,Medium
Digital Fortress,58.0,In stock,5,High
"Death Note, Vol. 5: Whiteout (Death Note #5)",52.41,In stock,1,High
"Data, A Love Story: How I Gamed Online Dating to Meet My Match",32.35,In stock,3,Medium
Critique of Pure Reason,20.75,In stock,1,Medium
Booked,17.49,In stock,5,Low
"Blue Lily, Lily Blue (The Raven Cycle #3)",34.13,In stock,5,Medium
Approval Junkie: Adventures in Caring Too Much,58.81,In stock,5,High
An Abundance of Katherines,10.0,In stock,5,Low
America's War for the Greater Middle East: A Military History,51.22,In stock,2,High
Alight (The Generations Trilogy #2),58.59,In stock,4,High
A Girl's Guide to Moving On (New Beginnings #2),31.3,In stock,1,Medium
A Game of Thrones (A Song of Ice and Fire #1),46.42,In stock,2,High
A Feast for Crows (A Song of Ice and Fire #4),17.21,In stock,4,Low
A Clash of Kings (A Song of Ice and Fire #2),10.79,In stock,3,Low
Vogue Colors A to Z: A Fashion Coloring Book,52.35,In stock,4,High
The Shining (The Shining #1),27.88,In stock,3,Medium
The Pilgrim's Progress,50.26,In stock,2,High
The Perfect Play (Play by Play #1),59.99,In stock,3,High
The Passion of Dolssa,28.32,In stock,5,Medium
The Jazz of Physics: The Secret Link Between Music and the Structure of the Universe,38.71,In stock,3,Medium
The Hunger Games (The Hunger Games #1),29.85,In stock,5,Medium
The Hound of the Baskervilles (Sherlock Holmes #5),14.82,In stock,2,Low
The Gunning of America: Business and the Making of American Gun Culture,16.81,In stock,4,Low
The Geography of Bliss: One Grump's Search for the Happiest Places in the World,28.23,In stock,2,Medium
The Demonists (Demonist #1),52.11,In stock,2,High
"The Demon Prince of Momochi House, Vol. 4 (The Demon Prince of Momochi House #4)",27.88,In stock,2,Medium
The Bone Hunters (Lexy Vaughan & Steven Macaulay #2),59.71,In stock,3,High
The Beast (Black Dagger Brotherhood #14),46.08,In stock,5,High
Some Women,13.73,In stock,5,Low
Shopaholic Ties the Knot (Shopaholic #3),48.39,In stock,5,High
Paper and Fire (The Great Library #2),49.45,In stock,5,High
Outlander (Outlander #1),19.67,In stock,5,Low
"Orchestra of Exiles: The Story of Bronislaw Huberman, the Israel Philharmonic, and the One Thousand Jews He Saved from Nazi Horrors",12.36,In stock,3,Low
No One Here Gets Out Alive,20.02,In stock,5,Medium
Night Shift (Night Shift #1-20),12.75,In stock,4,Low
Needful Things,47.51,In stock,4,High
Mockingjay (The Hunger Games #3),20.44,In stock,4,Medium
Misery,34.79,In stock,2,Medium
Little Women (Little Women #1),28.07,In stock,4,Medium
It,25.01,In stock,3,Medium
Harry Potter and the Sorcerer's Stone (Harry Potter #1),13.9,In stock,3,Low
Harry Potter and the Prisoner of Azkaban (Harry Potter #3),24.17,In stock,4,Medium
Harry Potter and the Order of the Phoenix (Harry Potter #5),31.63,In stock,4,Medium
Harry Potter and the Half-Blood Prince (Harry Potter #6),48.75,In stock,5,High
Harry Potter and the Chamber of Secrets (Harry Potter #2),14.74,In stock,1,Low
Gone with the Wind,32.49,In stock,3,Medium
God Is Not Great: How Religion Poisons Everything,27.8,In stock,1,Medium
Girl With a Pearl Earring,26.77,In stock,1,Medium
"Fruits Basket, Vol. 4 (Fruits Basket #4)",50.44,In stock,4,High
Far From True (Promise Falls Trilogy #2),34.93,In stock,2,Medium
Dark Lover (Black Dagger Brotherhood #1),12.87,In stock,1,Low
Confessions of a Shopaholic (Shopaholic #1),48.94,In stock,2,High
Changing the Game (Play by Play #2),13.38,In stock,3,Low
Candide,58.63,In stock,3,High
Can You Keep a Secret?,21.94,In stock,1,Medium
Atlas Shrugged,26.58,In stock,5,Medium
Animal Farm,57.22,In stock,3,High
A Walk to Remember,56.43,In stock,1,High
A New Earth: Awakening to Your Life's Purpose,55.65,In stock,5,High
"A History of God: The 4,000-Year Quest of Judaism, Christianity, and Islam",27.62,In stock,1,Medium
'Salem's Lot,49.56,In stock,4,High
Zero History (Blue Ant #3),34.77,In stock,1,Medium
Wuthering Heights,17.73,In stock,3,Low
World War Z: An Oral History of the Zombie War,21.8,In stock,1,Medium
Wild: From Lost to Found on the Pacific Crest Trail,46.02,In stock,3,High
"Where'd You Go, Bernadette",18.13,In stock,1,Low
When You Are Engulfed in Flames,30.89,In stock,5,Medium
We the People: The Modern-Day Figures Who Have Reshaped and Affirmed the Founding Fathers' Vision of America,31.95,In stock,3,Medium
We Are All Completely Beside Ourselves,24.04,In stock,1,Medium
Walk the Edge (Thunder Road #2),32.36,In stock,3,Medium
Voyager (Outlander #3),21.07,In stock,5,Medium
Very Good Lives: The Fringe Benefits of Failure and the Importance of Imagination,50.66,In stock,3,High
Vegan Vegetarian Omnivore: Dinner for Everyone at the Table,13.66,In stock,2,Low
"Unstuffed: Decluttering Your Home, Mind, and Soul",58.09,In stock,1,High
Under the Banner of Heaven: A Story of Violent Faith,30.0,In stock,1,Medium
Two Boys Kissing,32.74,In stock,2,Medium
Twilight (Twilight #1),41.93,In stock,2,High
Twenties Girl,42.8,In stock,2,High
"Trespassing Across America: One Man's Epic, Never-Done-Before (and Sort of Illegal) Hike Across the Heartland",53.51,In stock,1,High
Three-Martini Lunch,23.21,In stock,3,Medium
"Thinking, Fast and Slow",21.14,In stock,1,Medium
The Wild Robot,56.07,In stock,3,High
"The Wicked + The Divine, Vol. 3: Commercial Suicide (The Wicked + The Divine)",14.41,In stock,3,Low
The Undomestic Goddess,45.75,In stock,4,High
The Travelers,15.77,In stock,1,Low
The Tipping Point: How Little Things Can Make a Big Difference,10.02,In stock,2,Low
The Thing About Jellyfish,48.77,In stock,1,High
The Stand,57.86,In stock,2,High
The Smitten Kitchen Cookbook,23.59,In stock,1,Medium
The Silkworm (Cormoran Strike #2),23.05,In stock,5,Medium
"The Sandman, Vol. 3: Dream Country (The Sandman (volumes) #3)",55.55,In stock,5,High
The Rose & the Dagger (The Wrath and the Dawn #2),58.64,In stock,4,High
The Road to Little Dribbling: Adventures of an American in Britain (Notes From a Small Island #2),23.21,In stock,1,Medium
The Rise of Theodore Roosevelt (Theodore Roosevelt #1),42.57,In stock,3,High
The Restaurant at the End of the Universe (Hitchhiker's Guide to the Galaxy #2),10.92,In stock,1,Low
The Rest Is Noise: Listening to the Twentieth Century,34.77,In stock,1,Medium
The Red Tent,35.66,In stock,5,Medium
The Purpose Driven Life: What on Earth Am I Here for?,37.19,In stock,3,Medium
The Purest Hook (Second Circle Tattoos #3),12.25,In stock,1,Low
The Picture of Dorian Gray,29.7,In stock,2,Medium
The Paris Wife,36.8,In stock,3,Medium
The Obsession,45.43,In stock,1,High
The Nightingale,26.26,In stock,4,Medium
The New Guy (and Other Senior Year Distractions),44.92,In stock,3,High
The Nanny Diaries (Nanny #1),52.53,In stock,5,High
The Name of God is Mercy,37.25,In stock,2,Medium
The Maze Runner (The Maze Runner #1),20.93,In stock,1,Medium
The Lover's Dictionary,58.09,In stock,2,High
The Lonely Ones,43.59,In stock,5,High
The Lean Startup: How Today's Entrepreneurs Use Continuous Innovation to Create Radically Successful Businesses,33.92,In stock,3,Medium
The Last Painting of Sara de Vos,55.55,In stock,2,High
"The Land of 10,000 Madonnas",29.64,In stock,4,Medium
The Infinities,27.41,In stock,1,Medium
The Husband's Secret,52.51,In stock,5,High
The Hitchhiker's Guide to the Galaxy (Hitchhiker's Guide to the Galaxy #1),47.8,In stock,3,High
The Guns of August,14.54,In stock,2,Low
The Guernsey Literary and Potato Peel Pie Society,49.53,In stock,1,High
The Goldfinch,43.58,In stock,3,High
The Giver (The Giver Quartet #1),12.3,In stock,1,Low
The Girl with All the Gifts,49.47,In stock,3,High
The Girl Who Played with Fire (Millennium Trilogy #2),22.14,In stock,2,Medium
The Girl Who Kicked the Hornet's Nest (Millennium Trilogy #3),57.48,In stock,1,High
The Exiled,43.45,In stock,3,High
"The End of Faith: Religion, Terror, and the Future of Reason",22.13,In stock,4,Medium
"The Elegant Universe: Superstrings, Hidden Dimensions, and the Quest for the Ultimate Theory",13.03,In stock,4,Low
"The Disappearing Spoon: And Other True Tales of Madness, Love, and the History of the World from the Periodic Table of the Elements",57.35,In stock,5,High
The Devil Wears Prada (The Devil Wears Prada #1),44.29,In stock,1,High
The Demon-Haunted World: Science as a Candle in the Dark,52.25,In stock,4,High
The Day the Crayons Came Home (Crayons),26.33,In stock,5,Medium
The Da Vinci Code (Robert Langdon #2),22.96,In stock,2,Medium
The Cuckoo's Calling (Cormoran Strike #1),19.21,In stock,1,Low
The Complete Stories and Poems (The Works of Edgar Allan Poe [Cameo Edition]),26.78,In stock,4,Medium
The Complete Poems,41.32,In stock,5,High
The Catcher in the Rye,24.55,In stock,1,Medium
The Cat in the Hat (Beginner Books B-1),16.26,In stock,2,Low
The Case for Christ (Cases for Christianity),47.84,In stock,1,High
The Book Thief,53.49,In stock,2,High
The Book of Basketball: The NBA According to The Sports Guy,44.84,In stock,5,High
The Blind Side: Evolution of a Game,53.71,In stock,5,High
The Autobiography of Malcolm X,23.43,In stock,2,Medium
"The Art of Simple Food: Notes, Lessons, and Recipes from a Delicious Revolution",34.32,In stock,3,Medium
The Art of Fielding,22.1,In stock,1,Medium
"Surely You're Joking, Mr. Feynman!: Adventures of a Curious Character",25.83,In stock,2,Medium
Stiff: The Curious Lives of Human Cadavers,36.74,In stock,3,Medium
Spilled Milk: Based on a True Story,49.51,In stock,1,High
Something Borrowed (Darcy & Rachel #1),48.96,In stock,5,High
Something Blue (Darcy & Rachel #2),54.62,In stock,1,High
Soldier (Talon #3),24.72,In stock,2,Medium
Shopaholic & Baby (Shopaholic #5),46.45,In stock,2,High
Seven Days in the Art World,52.33,In stock,2,High
Seven Brief Lessons on Physics,30.6,In stock,4,Medium
Scarlet (The Lunar Chronicles #2),14.57,In stock,4,Low
Sarah's Key,46.29,In stock,1,High
"Saga, Volume 3 (Saga (Collected Editions) #3)",21.57,In stock,5,Medium
Running with Scissors,12.91,In stock,4,Low
Rogue Lawyer (Rogue Lawyer #1),50.11,In stock,3,High
"Rise of the Rocket Girls: The Women Who Propelled Us, from Missiles to the Moon to Mars",41.67,In stock,4,High
Rework,44.88,In stock,2,High
Reservations for Two,11.1,In stock,3,Low
Red: The True Story of Red Riding Hood,28.54,In stock,3,Medium
Ready Player One,19.07,In stock,4,Low
Quiet: The Power of Introverts in a World That Can't Stop Talking,43.55,In stock,1,High
Prodigy: The Graphic Novel (Legend: The Graphic Novel #2),43.63,In stock,3,High
Persepolis: The Story of a Childhood (Persepolis #1-2),39.13,In stock,1,Medium
Packing for Mars: The Curious Science of Life in the Void,56.68,In stock,2,High
Outliers: The Story of Success,14.16,In stock,1,Low
Original Fake,31.45,In stock,3,Medium
Orange Is the New Black,24.61,In stock,2,Medium
One for the Money (Stephanie Plum #1),32.87,In stock,2,Medium
Notes from a Small Island (Notes From a Small Island #1),40.17,In stock,1,High
Night (The Night Trilogy #1),13.51,In stock,1,Low
Neither Here nor There: Travels in Europe,38.95,In stock,3,Medium
Naked,31.69,In stock,3,Medium
Morning Star (Red Rising #3),29.4,In stock,1,Medium
"Miracles from Heaven: A Little Girl, Her Journey to Heaven, and Her Amazing Story of Healing",57.83,In stock,1,High
Midnight Riot (Peter Grant/ Rivers of London - books #1),55.46,In stock,2,High
Me Talk Pretty One Day,57.6,In stock,2,High
Manuscript Found in Accra,34.98,In stock,2,Medium
Lust & Wonder,11.87,In stock,2,Low
Lila (Gilead #3),12.47,In stock,3,Low
"Life, the Universe and Everything (Hitchhiker's Guide to the Galaxy #3)",33.26,In stock,2,Medium
Life Without a Recipe,59.04,In stock,5,High
Life After Life,26.13,In stock,2,Medium
Letter to a Christian Nation,22.2,In stock,1,Medium
Let's Pretend This Never Happened: A Mostly True Memoir,45.11,In stock,1,High
Legend (Legend #1),43.69,In stock,4,High
"Lean In: Women, Work, and the Will to Lead",25.02,In stock,1,Medium
"Lamb: The Gospel According to Biff, Christ's Childhood Pal",55.5,In stock,5,High
Lady Renegades (Rebel Belle #3),53.04,In stock,5,High
Jurassic Park (Jurassic Park #1),44.97,In stock,1,High
It's Never Too Late to Begin Again: Discovering Creativity and Meaning at Midlife and Beyond,42.38,In stock,1,High
Is Everyone Hanging Out Without Me? (And Other Concerns),20.11,In stock,3,Medium
Into the Wild,56.7,In stock,5,High
Inferno (Robert Langdon #4),41.0,In stock,5,High
"In the Garden of Beasts: Love, Terror, and an American Family in Hitler's Berlin",28.85,In stock,3,Medium
If I Run (If I Run #1),49.97,In stock,4,High
I've Got Your Number,19.69,In stock,1,Low
I Am Malala: The Girl Who Stood Up for Education and Was Shot by the Taliban,28.88,In stock,2,Medium
Hungry Girl Clean & Hungry: Easy All-Natural Recipes for Healthy Eating in the Real World,33.14,In stock,3,Medium
"House of Lost Worlds: Dinosaurs, Dynasties, and the Story of Life on Earth",43.7,In stock,2,High
House of Leaves,54.89,In stock,1,High
Horrible Bear!,37.52,In stock,2,Medium
Holidays on Ice,51.07,In stock,2,High
Heir to the Sky,44.07,In stock,4,High
Green Eggs and Ham (Beginner Books B-16),10.79,In stock,4,Low
"Grayson, Vol 3: Nemesis (Grayson #3)",42.72,In stock,1,High
Gratitude,26.66,In stock,5,Medium
Gone Girl,37.6,In stock,5,Medium
Golden (Heart of Dread #3),42.21,In stock,4,High
Girl in the Blue Coat,46.83,In stock,2,High
"Fruits Basket, Vol. 3 (Fruits Basket #3)",45.17,In stock,2,High
"Friday Night Lights: A Town, a Team, and a Dream",51.22,In stock,3,High
Fire Bound (Sea Haven/Sisters of the Heart #5),21.28,In stock,4,Medium
Fifty Shades Freed (Fifty Shades #3),15.36,In stock,5,Low
Fellside,38.62,In stock,1,Medium
Extreme Prey (Lucas Davenport #26),25.4,In stock,3,Medium
Eragon (The Inheritance Cycle #1),43.87,In stock,3,High
Eclipse (Twilight #3),18.74,In stock,1,Low
Dune (Dune #1),54.86,In stock,1,High
Dracula,52.62,In stock,3,High
Do Androids Dream of Electric Sheep? (Blade Runner #1),51.48,In stock,1,High
Disrupted: My Misadventure in the Start-Up Bubble,15.28,In stock,5,Low
Dead Wake: The Last Crossing of the Lusitania,39.24,In stock,5,Medium
"David and Goliath: Underdogs, Misfits, and the Art of Battling Giants",17.81,In stock,1,Low
Darkfever (Fever #1),56.02,In stock,1,High
Dark Places,23.9,In stock,5,Medium
Crazy Rich Asians (Crazy Rich Asians #1),49.13,In stock,5,High
Counting Thyme,10.62,In stock,1,Low
Cosmos,36.17,In stock,2,Medium
Civilization and Its Discontents,59.95,In stock,2,High
Cinder (The Lunar Chronicles #1),26.09,In stock,1,Medium
Catastrophic Happiness: Finding Joy in Childhood's Messy Years,37.35,In stock,2,Medium
Career of Evil (Cormoran Strike #3),24.72,In stock,2,Medium
Breaking Dawn (Twilight #4),35.28,In stock,5,Medium
Brave Enough,51.32,In stock,5,High
Boy Meets Boy,21.12,In stock,3,Medium
"Born to Run: A Hidden Tribe, Superathletes, and the Greatest Race the World Has Never Seen",27.35,In stock,2,Medium
Blink: The Power of Thinking Without Thinking,21.74,In stock,5,Medium
Black Flags: The Rise of ISIS,40.87,In stock,1,High
"Black Butler, Vol. 1 (Black Butler #1)",49.31,In stock,1,High
Big Little Lies,22.11,In stock,1,Medium
Between Shades of Gray,20.79,In stock,5,Medium
Best of My Love (Fool's Gold #20),27.41,In stock,2,Medium
Beowulf,38.35,In stock,2,Medium
Beautiful Creatures (Caster Chronicles #1),21.55,In stock,5,Medium
Awkward,38.02,In stock,2,Medium
Ash,22.06,In stock,4,Medium
Are We There Yet?,10.66,In stock,3,Low
Are We Smart Enough to Know How Smart Animals Are?,56.58,In stock,1,High
Annie on My Mind,36.83,In stock,5,Medium
And Then There Were None,35.01,In stock,2,Medium
A Walk in the Woods: Rediscovering America on the Appalachian Trail,30.48,In stock,4,Medium
A Visit from the Goon Squad,14.08,In stock,5,Low
A Storm of Swords (A Song of Ice and Fire #3),31.22,In stock,2,Medium
A Heartbreaking Work of Staggering Genius,54.29,In stock,5,High
8 Keys to Mental Health Through Exercise,31.04,In stock,1,Medium
#GIRLBOSS,50.96,In stock,1,High
"The Suffragettes (Little Black Classics, #96)",11.89,In stock,2,Low
The Sense of an Ending,31.38,In stock,3,Medium
"The Sandman, Vol. 2: The Doll's House (The Sandman (volumes) #2)",54.81,In stock,1,High
The Course of Love,16.78,In stock,3,Low
Sugar Rush (Offensive Line #2),24.42,In stock,1,Medium
"Saga, Volume 2 (Saga (Collected Editions) #2)",11.75,In stock,3,Low
"Run, Spot, Run: The Ethics of Keeping Pets",20.02,In stock,1,Medium
New Moon (Twilight #2),12.86,In stock,4,Low
Life,31.58,In stock,5,Medium
Kindle Paperwhite User's Guide,34.0,In stock,3,Medium
H is for Hawk,57.42,In stock,5,High
Girl Online On Tour (Girl Online #2),53.47,In stock,1,High
"Fruits Basket, Vol. 2 (Fruits Basket #2)",11.64,In stock,5,Low
Diary of a Minecraft Zombie Book 1: A Scare of a Dare (An Unofficial Minecraft Book),52.88,In stock,4,High
"Y: The Last Man, Vol. 1: Unmanned (Y: The Last Man #1)",18.51,In stock,4,Low
While You Were Mine,41.32,In stock,5,High
Where Lightning Strikes (Bleeding Stars #3),39.77,In stock,3,Medium
When I'm Gone,51.96,In stock,3,High
Ways of Seeing,39.51,In stock,5,Medium
"Vampire Knight, Vol. 1 (Vampire Knight #1)",15.4,In stock,1,Low
Vampire Girl (Vampire Girl #1),53.82,In stock,2,High
Twenty Love Poems and a Song of Despair,30.95,In stock,4,Medium
Travels with Charley: In Search of America,57.82,In stock,5,High
Three Wishes (River of Time: California #1),44.18,In stock,2,High
This One Moment (Pushing Limits #1),48.71,In stock,1,High
The Zombie Room,19.69,In stock,5,Low
"The Wicked + The Divine, Vol. 1: The Faust Act (The Wicked + The Divine)",36.52,In stock,2,Medium
The Tumor,41.56,In stock,5,High
The Story of Hong Gildong,43.19,In stock,4,High
The Silent Wife,12.34,In stock,5,Low
The Silent Twin (Detective Jennifer Knight #3),36.25,In stock,3,Medium
The Selfish Gene,29.45,In stock,1,Medium
The Secret Healer,34.56,In stock,3,Medium
"The Sandman, Vol. 1: Preludes and Nocturnes (The Sandman (volumes) #1)",54.12,In stock,3,High
The Republic,33.78,In stock,3,Medium
The Odyssey,29.64,In stock,3,Medium
The No. 1 Ladies' Detective Agency (No. 1 Ladies' Detective Agency #1),57.7,In stock,4,High
The Nicomachean Ethics,36.34,In stock,1,Medium
The Name of the Wind (The Kingkiller Chronicle #1),50.59,In stock,3,High
The Mirror & the Maze (The Wrath and the Dawn #1.5),29.38,In stock,1,Medium
The Little Prince,45.42,In stock,2,High
The Light of the Fireflies,54.43,In stock,1,High
The Last Girl (The Dominion Trilogy #1),36.26,In stock,2,Medium
The Iliad,16.16,In stock,1,Low
The Hook Up (Game On #1),36.29,In stock,5,Medium
The Haters,27.89,In stock,5,Medium
The Girl You Lost,12.29,In stock,5,Low
The Girl In The Ice (DCI Erika Foster #1),15.85,In stock,3,Low
The End of the Jesus Era (An Investigation #1),14.4,In stock,1,Low
The Edge of Reason (Bridget Jones #2),19.18,In stock,4,Low
The Complete Maus (Maus #1-2),10.64,In stock,3,Low
The Communist Manifesto,14.76,In stock,3,Low
The Bhagavad Gita,57.49,In stock,3,High
The Bette Davis Club,30.66,In stock,3,Medium
The Art of Not Breathing,40.83,In stock,4,High
Taking Shots (Assassins #1),18.88,In stock,2,Low
Starlark,25.83,In stock,3,Medium
"Skip Beat!, Vol. 01 (Skip Beat! #1)",42.12,In stock,3,High
Sister Sable (The Mad Queen #1),13.33,In stock,3,Low
Shatter Me (Shatter Me #1),42.4,In stock,1,High
Shameless,58.35,In stock,3,High
Shadow Rites (Jane Yellowrock #10),21.72,In stock,4,Medium
Settling the Score (The Summer Games #1),44.91,In stock,2,High
Sense and Sensibility,37.46,In stock,1,Medium
"Saga, Volume 1 (Saga (Collected Editions) #1)",28.48,In stock,1,Medium
"Rhythm, Chord & Malykhin",28.34,In stock,2,Medium
"Rat Queens, Vol. 1: Sass & Sorcery (Rat Queens (Collected Editions) #1-5)",46.96,In stock,5,High
Paradise Lost (Paradise #1),24.96,In stock,1,Medium
"Paper Girls, Vol. 1 (Paper Girls #1-5)",21.71,In stock,4,Medium
"Ouran High School Host Club, Vol. 1 (Ouran High School Host Club #1)",29.87,In stock,3,Medium
Origins (Alphas 0.5),28.99,In stock,1,Medium
One Second (Seven #7),52.94,In stock,2,High
On the Road (Duluoz Legend),32.36,In stock,3,Medium
Old Records Never Die: One Man's Quest for His Vinyl and His Past,55.66,In stock,2,High
Off Sides (Off #1),39.45,In stock,5,Medium
Of Mice and Men,47.11,In stock,2,High
Myriad (Prentor #1),58.75,In stock,4,High
My Perfect Mistake (Over the Top #1),38.92,In stock,2,Medium
"Ms. Marvel, Vol. 1: No Normal (Ms. Marvel (2014-2015) #1)",39.39,In stock,4,Medium
Meditations,25.89,In stock,2,Medium
Matilda,28.34,In stock,1,Medium
Lost Among the Living,27.7,In stock,4,Medium
Lord of the Flies,24.89,In stock,3,Medium
Listen to Me (Fusion #1),58.99,In stock,3,High
Kitchens of the Great Midwest,57.2,In stock,5,High
Jane Eyre,38.43,In stock,5,Medium
Imperfect Harmony,34.74,In stock,4,Medium
Icing (Aces Hockey #2),40.44,In stock,4,High
"Hawkeye, Vol. 1: My Life as a Weapon (Hawkeye #1)",45.24,In stock,3,High
Having the Barbarian's Baby (Ice Planet Barbarians #7.5),34.96,In stock,4,Medium
"Giant Days, Vol. 1 (Giant Days #1-4)",56.76,In stock,4,High
"Fruits Basket, Vol. 1 (Fruits Basket #1)",40.28,In stock,5,High
Frankenstein,38.0,In stock,2,Medium
Forever Rockers (The Rocker #12),28.8,In stock,3,Medium
Fighting Fate (Fighting #6),39.24,In stock,3,Medium
Emma,32.93,In stock,2,Medium
"Eat, Pray, Love",51.32,In stock,3,High
Deep Under (Walker Security #1),47.09,In stock,5,High
Choosing Our Religion: The Spiritual Lives of America's Nones,28.42,In stock,4,Medium
Charlie and the Chocolate Factory (Charlie Bucket #1),22.85,In stock,3,Medium
Charity's Cross (Charles Towne Belles #4),41.24,In stock,1,High
Bright Lines,39.07,In stock,5,Medium
Bridget Jones's Diary (Bridget Jones #1),29.82,In stock,1,Medium
Bounty (Colorado Mountain #7),37.26,In stock,4,Medium
Blood Defense (Samantha Brinkman #1),20.3,In stock,3,Medium
"Bleach, Vol. 1: Strawberry and the Soul Reapers (Bleach #1)",34.65,In stock,5,Medium
Beyond Good and Evil,43.38,In stock,1,High
Alice in Wonderland (Alice's Adventures in Wonderland #1),55.53,In stock,1,High
"Ajin: Demi-Human, Volume 1 (Ajin: Demi-Human #1)",57.06,In stock,4,High
A Spy's Devotion (The Regency Spies of London #1),16.97,In stock,5,Low
1st to Die (Women's Murder Club #1),53.98,In stock,1,High
"1,000 Places to See Before You Die",26.08,In stock,5,Medium
