Title,Price,Availability,Rating,Price_Category,Sentiment
A Light in the Attic,51.77,In stock,3,High,Positive
Tipping the Velvet,53.74,In stock,1,High,Neutral
Soumission,50.1,In stock,1,High,Neutral
Sharp Objects,47.82,In stock,4,High,Negative
Sapiens: A Brief History of Humankind,54.23,In stock,5,High,Neutral
The Requiem Red,22.65,In stock,1,Medium,Neutral
The Dirty Little Secrets of Getting Your Dream Job,33.34,In stock,4,Medium,Negative
"The Coming Woman: A Novel Based on the Life of the Infamous Feminist, Victoria Woodhull",17.93,In stock,3,Low,Negative
The Boys in the Boat: Nine Americans and Their Epic Quest for Gold at the 1936 Berlin Olympics,22.6,In stock,4,Medium,Positive
The Black Maria,52.15,In stock,1,High,Negative
"Starving Hearts (Triangular Trade Trilogy, #1)",13.99,In stock,2,Low,Neutral
Shakespeare's Sonnets,20.66,In stock,4,Medium,Neutral
Set Me Free,17.46,In stock,5,Low,Positive
Scott Pilgrim's Precious Little Life (Scott Pilgrim #1),52.29,In stock,5,High,Positive
Rip it Up and Start Again,35.02,In stock,5,Medium,Neutral
"Our Band Could Be Your Life: Scenes from the American Indie Underground, 1981-1991",57.25,In stock,3,High,Neutral
Olio,23.88,In stock,1,Medium,Neutral
Mesaerion: The Best Science Fiction Stories 1800-1849,37.59,In stock,1,Medium,Positive
Libertarianism for Beginners,51.33,In stock,2,High,Neutral
It's Only the Himalayas,45.17,In stock,2,High,Neutral
In Her Wake,12.84,In stock,1,Low,Neutral
How Music Works,37.32,In stock,2,Medium,Neutral
"Foolproof Preserving: A Guide to Small Batch Jams, Jellies, Pickles, Condiments, and More: A Foolproof Guide to Making Small Batch Jams, Jellies, Pickles, Condiments, and More",30.52,In stock,3,Medium,Positive
Chase Me (Paris Nights #2),25.27,In stock,5,Medium,Neutral
Black Dust,34.53,In stock,5,Medium,Negative
Birdsong: A Story in Pictures,54.64,In stock,3,High,Neutral
America's Cradle of Quarterbacks: Western Pennsylvania's Football Factory from Johnny Unitas to Joe Montana,22.5,In stock,3,Medium,Neutral
Aladdin and His Wonderful Lamp,53.13,In stock,3,High,Positive
Worlds Elsewhere: Journeys Around Shakespeareâs Globe,40.3,In stock,5,High,Neutral
Wall and Piece,44.18,In stock,4,High,Neutral
The Four Agreements: A Practical Guide to Personal Freedom,17.66,In stock,5,Low,Neutral
The Five Love Languages: How to Express Heartfelt Commitment to Your Mate,31.05,In stock,3,Medium,Positive
The Elephant Tree,23.82,In stock,5,Medium,Neutral
The Bear and the Piano,36.89,In stock,1,Medium,Neutral
Sophie's World,15.94,In stock,5,Low,Neutral
Penny Maybe,33.29,In stock,3,Medium,Neutral
Maude (1883-1993):She Grew Up with the country,18.02,In stock,2,Low,Neutral
"In a Dark, Dark Wood",19.63,In stock,1,Low,Negative
Behind Closed Doors,52.22,In stock,4,High,Negative
You can't bury them all: Poems,33.63,In stock,2,Medium,Neutral
Slow States of Collapse: Poems,57.31,In stock,3,High,Negative
Reasons to Stay Alive,26.41,In stock,2,Medium,Positive
Private Paris (Private #10),47.61,In stock,5,High,Neutral
#HigherSelfie: Wake Up Your Life. Free Your Soul. Find Your Tribe.,23.11,In stock,5,Medium,Positive
Without Borders (Wanderlove #1),45.07,In stock,2,High,Neutral
When We Collided,31.77,In stock,1,Medium,Neutral
"We Love You, Charlie Freeman",50.27,In stock,5,High,Positive
Untitled Collection: Sabbath Poems 2014,14.27,In stock,4,Low,Neutral
"Unseen City: The Majesty of Pigeons, the Discreet Charm of Snails & Other Wonders of the Urban Wilderness",44.18,In stock,4,High,Negative
Unicorn Tracks,18.78,In stock,3,Low,Neutral
"Unbound: How Eight Technologies Made Us Human, Transformed Society, and Brought Our World to the Brink",25.52,In stock,1,Medium,Neutral
Tsubasa: WoRLD CHRoNiCLE 2 (Tsubasa WoRLD CHRoNiCLE #2),16.28,In stock,1,Low,Neutral
Throwing Rocks at the Google Bus: How Growth Became the Enemy of Prosperity,31.12,In stock,3,Medium,Neutral
This One Summer,19.49,In stock,4,Low,Neutral
Thirst,17.27,In stock,5,Low,Neutral
The Torch Is Passed: A Harding Family Story,19.09,In stock,1,Low,Neutral
The Secret of Dreadwillow Carse,56.13,In stock,1,High,Negative
"The Pioneer Woman Cooks: Dinnertime: Comfort Classics, Freezer Food, 16-Minute Meals, and Other Delicious Ways to Solve Supper!",56.41,In stock,1,High,Positive
The Past Never Ends,56.5,In stock,4,High,Negative
The Natural History of Us (The Fine Art of Pretending #2),45.22,In stock,3,High,Positive
The Nameless City (The Nameless City #1),38.16,In stock,4,Medium,Negative
The Murder That Never Was (Forensic Instincts #5),54.11,In stock,3,High,Neutral
The Most Perfect Thing: Inside (and Outside) a Bird's Egg,42.96,In stock,4,High,Positive
"The Mindfulness and Acceptance Workbook for Anxiety: A Guide to Breaking Free from Anxiety, Phobias, and Worry Using Acceptance and Commitment Therapy",23.89,In stock,4,Medium,Positive
The Life-Changing Magic of Tidying Up: The Japanese Art of Decluttering and Organizing,16.77,In stock,3,Low,Positive
"The Inefficiency Assassin: Time Management Tactics for Working Smarter, Not Longer",20.59,In stock,5,Medium,Neutral
The Gutsy Girl: Escapades for Your Life of Epic Adventure,37.13,In stock,1,Medium,Positive
The Electric Pencil: Drawings from Inside State Hospital No. 3,56.06,In stock,1,High,Neutral
The Death of Humanity: and the Case for Life,58.11,In stock,4,High,Neutral
"The Bulletproof Diet: Lose up to a Pound a Day, Reclaim Energy and Focus, Upgrade Your Life",49.05,In stock,3,High,Neutral
The Art Forger,40.76,In stock,3,High,Neutral
The Age of Genius: The Seventeenth Century and the Birth of the Modern Mind,19.73,In stock,1,Low,Positive
The Activist's Tao Te Ching: Ancient Advice for a Modern Revolution,32.24,In stock,5,Medium,Positive
Spark Joy: An Illustrated Master Class on the Art of Organizing and Tidying Up,41.83,In stock,4,High,Positive
Soul Reader,39.58,In stock,2,Medium,Neutral
Security,39.25,In stock,2,Medium,Neutral
"Saga, Volume 6 (Saga (Collected Editions) #6)",25.02,In stock,3,Medium,Neutral
"Saga, Volume 5 (Saga (Collected Editions) #5)",51.04,In stock,2,High,Neutral
Reskilling America: Learning to Labor in the Twenty-First Century,19.83,In stock,2,Low,Neutral
"Rat Queens, Vol. 3: Demons (Rat Queens (Collected Editions) #11-15)",50.4,In stock,3,High,Neutral
"Princess Jellyfish 2-in-1 Omnibus, Vol. 01 (Princess Jellyfish 2-in-1 Omnibus #1)",13.61,In stock,5,Low,Neutral
Princess Between Worlds (Wide-Awake Princess #5),13.34,In stock,5,Low,Neutral
"Pop Gun War, Volume 1: Gift",18.97,In stock,1,Low,Neutral
"Political Suicide: Missteps, Peccadilloes, Bad Calls, Backroom Hijinx, Sordid Pasts, Rotten Breaks, and Just Plain Dumb Mistakes in the Annals of American Politics",36.28,In stock,2,Medium,Negative
Patience,10.16,In stock,3,Low,Neutral
"Outcast, Vol. 1: A Darkness Surrounds Him (Outcast #1)",15.44,In stock,4,Low,Neutral
orange: The Complete Collection 1 (orange: The Complete Collection #1),48.41,In stock,1,High,Positive
Online Marketing for Busy Authors: A Step-By-Step Guide,46.35,In stock,1,High,Positive
On a Midnight Clear,14.07,In stock,3,Low,Positive
Obsidian (Lux #1),14.86,In stock,2,Low,Neutral
My Paris Kitchen: Recipes and Stories,33.37,In stock,2,Medium,Neutral
Masks and Shadows,56.4,In stock,2,High,Neutral
"Mama Tried: Traditional Italian Cooking for the Screwed, Crude, Vegan, and Tattooed",14.02,In stock,4,Low,Negative
"Lumberjanes, Vol. 2: Friendship to the Max (Lumberjanes #5-8)",46.91,In stock,2,High,Neutral
"Lumberjanes, Vol. 1: Beware the Kitten Holy (Lumberjanes #1-4)",45.61,In stock,3,High,Neutral
Lumberjanes Vol. 3: A Terrible Plan (Lumberjanes #9-12),19.92,In stock,2,Low,Negative
"Layered: Baking, Building, and Styling Spectacular Cakes",40.11,In stock,1,High,Positive
Judo: Seven Steps to Black Belt (an Introductory Guide for Beginners),53.9,In stock,2,High,Negative
Join,35.67,In stock,5,Medium,Neutral
In the Country We Love: My Family Divided,22.0,In stock,4,Medium,Positive
Immunity: How Elie Metchnikoff Changed the Course of Modern Medicine,57.36,In stock,5,High,Positive
"I Hate Fairyland, Vol. 1: Madly Ever After (I Hate Fairyland (Compilations) #1-5)",29.17,In stock,2,Medium,Negative
I am a Hero Omnibus Volume 1,54.63,In stock,3,High,Neutral
How to Be Miserable: 40 Strategies You Already Use,46.03,In stock,1,High,Negative
Her Backup Boyfriend (The Sorensen Family #1),33.97,In stock,1,Medium,Neutral
"Giant Days, Vol. 2 (Giant Days #5-8)",22.11,In stock,2,Medium,Neutral
Forever and Forever: The Courtship of Henry Longfellow and Fanny Appleton,29.69,In stock,3,Medium,Neutral
First and First (Five Boroughs #3),15.97,In stock,4,Low,Positive
Fifty Shades Darker (Fifty Shades #2),21.96,In stock,1,Medium,Neutral
Everydata: The Misinformation Hidden in the Little Data You Consume Every Day,54.35,In stock,2,High,Negative
"Don't Be a Jerk: And Other Practical Advice from Dogen, Japan's Greatest Zen Master",37.97,In stock,2,Medium,Positive
Danganronpa Volume 1,51.99,In stock,4,High,Neutral
Crown of Midnight (Throne of Glass #2),43.29,In stock,3,High,Neutral
"Codename Baboushka, Volume 1: The Conclave of Death",36.72,In stock,4,Medium,Neutral
Camp Midnight,17.08,In stock,4,Low,Neutral
Call the Nurse: True Stories of a Country Nurse on a Scottish Isle,29.14,In stock,5,Medium,Positive
Burning,28.81,In stock,3,Medium,Neutral
Bossypants,49.46,In stock,2,High,Neutral
"Bitch Planet, Vol. 1: Extraordinary Machine (Bitch Planet (Collected Editions))",37.92,In stock,2,Medium,Positive
"Avatar: The Last Airbender: Smoke and Shadow, Part 3 (Smoke and Shadow #3)",28.09,In stock,2,Medium,Neutral
Algorithms to Live By: The Computer Science of Human Decisions,30.81,In stock,1,Medium,Positive
A World of Flavor: Your Gluten Free Passport,42.95,In stock,1,High,Positive
"A Piece of Sky, a Grain of Rice: A Memoir in Four Meditations",56.76,In stock,5,High,Neutral
A Murder in Time,16.64,In stock,1,Low,Neutral
A Flight of Arrows (The Pathfinders #2),55.53,In stock,5,High,Neutral
A Fierce and Subtle Poison,28.13,In stock,4,Medium,Negative
A Court of Thorns and Roses (A Court of Thorns and Roses #1),52.37,In stock,1,High,Neutral
(Un)Qualified: How God Uses Broken People to Do Big Things,54.0,In stock,5,High,Negative
You Are What You Love: The Spiritual Power of Habit,21.87,In stock,4,Medium,Positive
"William Shakespeare's Star Wars: Verily, A New Hope (William Shakespeare's Star Wars #4)",43.3,In stock,4,High,Positive
Tuesday Nights in 1980,21.04,In stock,2,Medium,Neutral
Tracing Numbers on a Train,41.6,In stock,3,High,Neutral
Throne of Glass (Throne of Glass #1),35.07,In stock,3,Medium,Neutral
Thomas Jefferson and the Tripoli Pirates: The Forgotten War That Changed American History,59.64,In stock,1,High,Neutral
Thirteen Reasons Why,52.72,In stock,1,High,Neutral
The White Cat and the Monk: A Retelling of the Poem âPangur BÃ¡nâ,58.08,In stock,4,High,Neutral
The Wedding Dress,24.12,In stock,1,Medium,Neutral
The Vacationers,42.15,In stock,4,High,Neutral
The Third Wave: An Entrepreneurâs Vision of the Future,12.61,In stock,5,Low,Neutral
The Stranger,17.44,In stock,4,Low,Neutral
The Shadow Hero (The Shadow Hero),33.14,In stock,1,Medium,Neutral
The Secret (The Secret #1),27.37,In stock,4,Medium,Negative
The Regional Office Is Under Attack!,51.36,In stock,5,High,Neutral
The Psychopath Test: A Journey Through the Madness Industry,36.0,In stock,2,Medium,Neutral
The Project,10.65,In stock,1,Low,Neutral
The Power of Now: A Guide to Spiritual Enlightenment,43.54,In stock,2,High,Neutral
The Omnivore's Dilemma: A Natural History of Four Meals,38.21,In stock,2,Medium,Positive
The Nerdy Nummies Cookbook: Sweet Treats for the Geek in All of Us,37.34,In stock,5,Medium,Positive
The Murder of Roger Ackroyd (Hercule Poirot #4),44.1,In stock,4,High,Neutral
The Mistake (Off-Campus #2),43.29,In stock,3,High,Neutral
The Matchmaker's Playbook (Wingmen Inc. #1),55.85,In stock,1,High,Neutral
The Love and Lemons Cookbook: An Apple-to-Zucchini Celebration of Impromptu Cooking,37.6,In stock,2,Medium,Positive
The Long Shadow of Small Ghosts: Murder and Memory in an American City,10.97,In stock,1,Low,Negative
The Kite Runner,41.82,In stock,4,High,Neutral
The House by the Lake,36.95,In stock,1,Medium,Neutral
The Glittering Court (The Glittering Court #1),44.28,In stock,1,High,Neutral
The Girl on the Train,55.02,In stock,2,High,Neutral
The Genius of Birds,17.24,In stock,1,Low,Neutral
The Emerald Mystery,23.15,In stock,2,Medium,Neutral
The Cookies & Cups Cookbook: 125+ sweet & savory recipes reminding you to Always Eat Dessert First,41.25,In stock,1,High,Positive
The Bridge to Consciousness: I'm Writing the Bridge Between Science and Our Old and New Beliefs.,32.0,In stock,3,Medium,Positive
The Artist's Way: A Spiritual Path to Higher Creativity,38.49,In stock,5,Medium,Positive
The Art of War,33.34,In stock,5,Medium,Neutral
The Argonauts,10.93,In stock,2,Low,Neutral
The 10% Entrepreneur: Live Your Startup Dream Without Quitting Your Day Job,27.55,In stock,3,Medium,Positive
Suddenly in Love (Lake Haven #1),55.99,In stock,2,High,Positive
Something More Than This,16.24,In stock,4,Low,Positive
Soft Apocalypse,26.12,In stock,2,Medium,Positive
So You've Been Publicly Shamed,12.23,In stock,2,Low,Neutral
Shoe Dog: A Memoir by the Creator of NIKE,23.99,In stock,2,Medium,Neutral
"Shobu Samurai, Project Aryoku (#3)",29.06,In stock,3,Medium,Neutral
Secrets and Lace (Fatal Hearts #1),20.27,In stock,1,Medium,Neutral
Scarlett Epstein Hates It Here,43.55,In stock,5,High,Neutral
Romero and Juliet: A Tragic Tale of Love and Zombies,36.94,In stock,1,Medium,Negative
Redeeming Love,20.47,In stock,5,Medium,Positive
Poses for Artists Volume 1 - Dynamic and Sitting Poses: An Essential Reference for Figure Drawing and the Human Form,41.06,In stock,1,High,Neutral
Poems That Make Grown Women Cry,14.19,In stock,4,Low,Neutral
"Nightingale, Sing",38.28,In stock,1,Medium,Neutral
Night Sky with Exit Wounds,41.05,In stock,1,High,Neutral
Mrs. Houdini,30.25,In stock,5,Medium,Neutral
Modern Romance,28.26,In stock,5,Medium,Positive
Miss Peregrineâs Home for Peculiar Children (Miss Peregrineâs Peculiar Children #1),10.76,In stock,1,Low,Neutral
Louisa: The Extraordinary Life of Mrs. Adams,16.85,In stock,2,Low,Positive
Little Red,13.47,In stock,3,Low,Negative
Library of Souls (Miss Peregrineâs Peculiar Children #3),48.56,In stock,5,High,Neutral
Large Print Heart of the Pride,19.15,In stock,2,Low,Positive
I Had a Nice Time And Other Lies...: How to find love & sh*t like that,57.36,In stock,4,High,Positive
Hollow City (Miss Peregrineâs Peculiar Children #2),42.98,In stock,1,High,Negative
Grumbles,22.16,In stock,2,Medium,Neutral
Full Moon over Noahâs Ark: An Odyssey to Mount Ararat and Beyond,49.43,In stock,4,High,Positive
Frostbite (Vampire Academy #2),29.99,In stock,5,Medium,Neutral
Follow You Home,21.36,In stock,1,Medium,Neutral
First Steps for New Christians (Print Edition),29.0,In stock,1,Medium,Positive
Finders Keepers (Bill Hodges Trilogy #2),53.53,In stock,5,High,Neutral
"Fables, Vol. 1: Legends in Exile (Fables #1)",41.62,In stock,4,High,Neutral
Eureka Trivia 6.0,54.59,In stock,4,High,Neutral
Drive: The Surprising Truth About What Motivates Us,34.95,In stock,4,Medium,Positive
Done Rubbed Out (Reightman & Bailey #1),37.72,In stock,5,Medium,Neutral
Doing It Over (Most Likely To #1),35.61,In stock,3,Medium,Positive
"Deliciously Ella Every Day: Quick and Easy Recipes for Gluten-Free Snacks, Packed Lunches, and Simple Meals",42.16,In stock,3,High,Positive
Dark Notes,19.19,In stock,5,Low,Negative
"Daring Greatly: How the Courage to Be Vulnerable Transforms the Way We Live, Love, Parent, and Lead",19.43,In stock,3,Low,Positive
Close to You,49.46,In stock,4,High,Neutral
Chasing Heaven: What Dying Taught Me About Living,37.8,In stock,2,Medium,Neutral
Big Magic: Creative Living Beyond Fear,30.8,In stock,3,Medium,Positive
Becoming Wise: An Inquiry into the Mystery and Art of Living,27.43,In stock,2,Medium,Positive
Beauty Restored (Riley Family Legacy Novellas #3),11.11,In stock,2,Low,Neutral
Batman: The Long Halloween (Batman),36.5,In stock,2,Medium,Negative
Batman: The Dark Knight Returns (Batman),15.38,In stock,5,Low,Negative
Ayumi's Violin,15.48,In stock,2,Low,Neutral
Anonymous,46.82,In stock,4,High,Neutral
Amy Meets the Saints and Sages,18.46,In stock,3,Low,Neutral
Amid the Chaos,36.58,In stock,1,Medium,Neutral
Amatus,50.54,In stock,5,High,Neutral
Agnostic: A Spirited Manifesto,12.51,In stock,5,Low,Positive
Zealot: The Life and Times of Jesus of Nazareth,24.7,In stock,3,Medium,Neutral
You (You #1),43.61,In stock,5,High,Neutral
"Wonder Woman: Earth One, Volume One (Wonder Woman: Earth One #1)",37.34,In stock,4,Medium,Neutral
Wild Swans,14.36,In stock,2,Low,Positive
Why the Right Went Wrong: Conservatism--From Goldwater to the Tea Party and Beyond,52.65,In stock,4,High,Negative
Whole Lotta Creativity Going On: 60 Fun and Unusual Exercises to Awaken and Strengthen Your Creativity,38.2,In stock,4,Medium,Positive
What's It Like in Space?: Stories from Astronauts Who've Been There,19.6,In stock,2,Low,Neutral
"We Are Robin, Vol. 1: The Vigilante Business (We Are Robin #1)",53.9,In stock,1,High,Neutral
Walt Disney's Alice in Wonderland,12.96,In stock,5,Low,Neutral
V for Vendetta (V for Vendetta Complete),37.1,In stock,4,Medium,Positive
Until Friday Night (The Field Party #1),46.31,In stock,2,High,Neutral
"Unbroken: A World War II Story of Survival, Resilience, and Redemption",45.95,In stock,2,High,Neutral
Twenty Yawns,22.08,In stock,2,Medium,Neutral
Through the Woods,25.38,In stock,2,Medium,Neutral
This Is Where It Ends,27.12,In stock,2,Medium,Neutral
The Year of Magical Thinking,43.04,In stock,2,High,Positive
The Wright Brothers,56.8,In stock,4,High,Neutral
The White Queen (The Cousins' War #1),25.91,In stock,5,Medium,Neutral
The Wedding Pact (The O'Malleys #2),32.61,In stock,3,Medium,Neutral
The Time Keeper,27.88,In stock,5,Medium,Neutral
The Testament of Mary,52.67,In stock,4,High,Neutral
The Star-Touched Queen,46.02,In stock,5,High,Neutral
The Songs of the Gods,44.48,In stock,5,High,Neutral
The Song of Achilles,37.4,In stock,5,Medium,Neutral
The Rosie Project (Don Tillman #1),54.04,In stock,1,High,Neutral
The Power of Habit: Why We Do What We Do in Life and Business,16.88,In stock,3,Low,Neutral
The Marriage of Opposites,28.08,In stock,4,Medium,Neutral
The Lucifer Effect: Understanding How Good People Turn Evil,10.4,In stock,1,Low,Negative
The Long Haul (Diary of a Wimpy Kid #9),44.07,In stock,1,High,Negative
The Loney,23.4,In stock,1,Medium,Neutral
The Literature Book (Big Ideas Simply Explained),17.43,In stock,3,Low,Neutral
The Last Mile (Amos Decker #2),54.21,In stock,2,High,Neutral
The Immortal Life of Henrietta Lacks,40.67,In stock,2,High,Neutral
The Hidden Oracle (The Trials of Apollo #1),52.26,In stock,2,High,Negative
The Help Yourself Cookbook for Kids: 60 Easy Plant-Based Recipes Kids Can Make to Stay Healthy and Save the Earth,28.77,In stock,3,Medium,Positive
The Guilty (Will Robie #4),13.82,In stock,2,Low,Negative
The First Hostage (J.B. Collins #2),25.85,In stock,3,Medium,Positive
The Dovekeepers,48.78,In stock,1,High,Neutral
The Darkest Lie,35.35,In stock,5,Medium,Neutral
The Bane Chronicles (The Bane Chronicles #1-11),44.73,In stock,4,High,Neutral
The Bad-Ass Librarians of Timbuktu: And Their Race to Save the Worldâs Most Precious Manuscripts,15.77,In stock,1,Low,Positive
The 14th Colony (Cotton Malone #11),39.24,In stock,1,Medium,Neutral
That Darkness (Gardiner and Renner #1),13.92,In stock,1,Low,Neutral
Tastes Like Fear (DI Marnie Rome #3),10.69,In stock,1,Low,Neutral
Take Me with You,45.21,In stock,3,High,Neutral
Swell: A Year of Waves,45.58,In stock,1,High,Neutral
Superman Vol. 1: Before Truth (Superman by Gene Luen Yang #1),11.89,In stock,5,Low,Neutral
Still Life with Bread Crumbs,26.41,In stock,3,Medium,Neutral
Steve Jobs,39.5,In stock,5,Medium,Neutral
Sorting the Beef from the Bull: The Science of Food Fraud Forensics,44.74,In stock,4,High,Neutral
Someone Like You (The Harrisons #2),52.79,In stock,5,High,Neutral
"So Cute It Hurts!!, Vol. 6 (So Cute It Hurts!! #6)",35.43,In stock,4,Medium,Positive
Shtum,55.84,In stock,4,High,Neutral
See America: A Celebration of Our National Parks & Treasured Sites,48.87,In stock,3,High,Neutral
salt.,46.78,In stock,4,High,Neutral
Robin War,47.82,In stock,3,High,Neutral
"Red Hood/Arsenal, Vol. 1: Open for Business (Red Hood/Arsenal #1)",25.48,In stock,2,Medium,Neutral
Rain Fish,23.57,In stock,3,Medium,Neutral
"Quarter Life Poetry: Poems for the Young, Broke and Hangry",50.89,In stock,5,High,Positive
Pet Sematary,10.56,In stock,3,Low,Neutral
"Overload: How to Unplug, Unwind, and Unleash Yourself from the Pressure of Stress",52.15,In stock,3,High,Neutral
Once Was a Time,18.28,In stock,2,Low,Neutral
Old School (Diary of a Wimpy Kid #10),11.83,In stock,5,Low,Positive
No Dream Is Too High: Life Lessons From a Man Who Walked on the Moon,21.95,In stock,2,Medium,Positive
"Naruto (3-in-1 Edition), Vol. 14: Includes Vols. 40, 41 & 42 (Naruto: Omnibus #14)",38.39,In stock,2,Medium,Neutral
My Name Is Lucy Barton,41.56,In stock,1,High,Neutral
My Mrs. Brown,24.48,In stock,3,Medium,Neutral
My Kind of Crazy,40.36,In stock,1,High,Neutral
Mr. Mercedes (Bill Hodges Trilogy #1),28.9,In stock,1,Medium,Neutral
More Than Music (Chasing the Dream #1),37.61,In stock,2,Medium,Positive
Made to Stick: Why Some Ideas Survive and Others Die,38.85,In stock,5,Medium,Neutral
Luis Paints the World,53.95,In stock,3,High,Neutral
Luckiest Girl Alive,49.83,In stock,3,High,Positive
Lowriders to the Center of the Earth (Lowriders in Space #2),51.51,In stock,2,High,Negative
Love Is a Mix Tape (Music #1),18.03,In stock,1,Low,Positive
Looking for Lovely: Collecting the Moments that Matter,29.14,In stock,5,Medium,Positive
"Living Leadership by Insight: A Good Leader Achieves, a Great Leader Builds Monuments",46.91,In stock,4,High,Positive
Let It Out: A Journey Through Journaling,26.79,In stock,5,Medium,Neutral
Lady Midnight (The Dark Artifices #1),16.28,In stock,5,Low,Negative
"It's All Easy: Healthy, Delicious Weeknight Meals in under 30 Minutes",19.55,In stock,1,Low,Positive
Island of Dragons (Unwanteds #7),29.65,In stock,1,Medium,Neutral
I Know What I'm Doing -- and Other Lies I Tell Myself: Dispatches from a Life Under Construction,25.98,In stock,4,Medium,Negative
I Am Pilgrim (Pilgrim #1),10.6,In stock,4,Low,Neutral
"Hyperbole and a Half: Unfortunate Situations, Flawed Coping Mechanisms, Mayhem, and Other Things That Happened",14.75,In stock,5,Low,Negative
"Hush, Hush (Hush, Hush #1)",47.02,In stock,3,High,Neutral
Hold Your Breath (Search and Rescue #1),28.82,In stock,1,Medium,Neutral
Hamilton: The Revolution,58.79,In stock,3,High,Neutral
Greek Mythic History,10.23,In stock,5,Low,Neutral
God: The Most Unpleasant Character in All Fiction,30.03,In stock,5,Medium,Negative
Glory over Everything: Beyond The Kitchen House,45.84,In stock,3,High,Neutral
Feathers: Displays of Brilliant Plumage,49.05,In stock,3,High,Positive
"Far & Away: Places on the Brink of Change: Seven Continents, Twenty-Five Years",15.06,In stock,4,Low,Positive
Every Last Word,46.47,In stock,3,High,Neutral
Eligible (The Austen Project #4),27.09,In stock,3,Medium,Neutral
El Deafo,57.62,In stock,5,High,Neutral
Eight Hundred Grapes,14.39,In stock,4,Low,Neutral
"Eaternity: More than 150 Deliciously Easy Vegan Recipes for a Long, Healthy, Satisfied, Joyful Life",51.75,In stock,5,High,Positive
"Eat Fat, Get Thin",54.07,In stock,2,High,Negative
Don't Get Caught,55.35,In stock,1,High,Neutral
Doctor Sleep (The Shining #2),40.12,In stock,2,High,Neutral
Demigods & Magicians: Percy and Annabeth Meet the Kanes (Percy Jackson & Kane Chronicles Crossover #1-3),37.51,In stock,5,Medium,Neutral
Dear Mr. Knightley,11.21,In stock,5,Low,Neutral
Daily Fantasy Sports,36.58,In stock,1,Medium,Neutral
Crazy Love: Overwhelmed by a Relentless God,47.72,In stock,2,High,Negative
Cometh the Hour (The Clifton Chronicles #6),25.01,In stock,3,Medium,Neutral
Code Name Verity (Code Name Verity #1),22.13,In stock,4,Medium,Neutral
Clockwork Angel (The Infernal Devices #1),44.14,In stock,1,High,Neutral
City of Glass (The Mortal Instruments #3),56.02,In stock,4,High,Neutral
City of Fallen Angels (The Mortal Instruments #4),11.23,In stock,4,Low,Neutral
City of Bones (The Mortal Instruments #1),43.28,In stock,1,High,Neutral
City of Ashes (The Mortal Instruments #2),47.27,In stock,1,High,Neutral
Cell,20.29,In stock,4,Medium,Neutral
Catching Jordan (Hundred Oaks),50.83,In stock,3,High,Positive
"Carry On, Warrior: Thoughts on Life Unarmed",31.85,In stock,3,Medium,Neutral
Carrie,46.23,In stock,2,High,Neutral
Buying In: The Secret Dialogue Between What We Buy and Who We Are,37.8,In stock,4,Medium,Negative
Brain on Fire: My Month of Madness,49.32,In stock,5,High,Neutral
Batman: Europa,32.01,In stock,2,Medium,Neutral
Barefoot Contessa Back to Basics,28.01,In stock,1,Medium,Neutral
Barefoot Contessa at Home: Everyday Recipes You'll Make Over and Over Again,50.62,In stock,5,High,Negative
Balloon Animals,17.03,In stock,3,Low,Neutral
Art Ops Vol. 1,48.8,In stock,3,High,Neutral
Aristotle and Dante Discover the Secrets of the Universe (Aristotle and Dante Discover the Secrets of the Universe #1),58.14,In stock,4,High,Neutral
Angels Walking (Angels Walking #1),34.2,In stock,2,Medium,Neutral
Angels & Demons (Robert Langdon #1),51.48,In stock,3,High,Neutral
All the Light We Cannot See,29.87,In stock,5,Medium,Positive
"Adulthood Is a Myth: A ""Sarah's Scribbles"" Collection",10.9,In stock,2,Low,Neutral
Abstract City,56.37,In stock,5,High,Neutral
A Time of Torment (Charlie Parker #14),48.35,In stock,5,High,Neutral
A Study in Scarlet (Sherlock Holmes #1),16.73,In stock,2,Low,Neutral
"A Series of Catastrophes and Miracles: A True Story of Love, Science, and Cancer",56.48,In stock,2,High,Positive
A People's History of the United States,40.79,In stock,2,High,Neutral
A Man Called Ove,39.72,In stock,1,Medium,Neutral
A Distant Mirror: The Calamitous 14th Century,14.58,In stock,3,Low,Negative
A Brush of Wings (Angels Walking #3),55.51,In stock,1,High,Neutral
1491: New Revelations of the Americas Before Columbus,21.8,In stock,3,Medium,Positive
"The Three Searches, Meaning, and the Story",13.33,In stock,3,Low,Neutral
Searching for Meaning in Gailana,38.73,In stock,1,Medium,Neutral
Rook,37.86,In stock,4,Medium,Neutral
My Kitchen Year: 136 Recipes That Saved My Life,11.53,In stock,2,Low,Neutral
13 Hours: The Inside Account of What Really Happened In Benghazi,27.06,In stock,1,Medium,Positive
Will You Won't You Want Me?,13.86,In stock,3,Low,Neutral
Tipping Point for Planet Earth: How Close Are We to the Edge?,37.55,In stock,1,Medium,Neutral
The Star-Touched Queen,32.3,In stock,5,Medium,Neutral
The Silent Sister (Riley MacPherson #1),46.29,In stock,5,High,Neutral
The Midnight Watch: A Novel of the Titanic and the Californian,26.2,In stock,1,Medium,Neutral
The Lonely City: Adventures in the Art of Being Alone,33.26,In stock,2,Medium,Negative
The Gray Rhino: How to Recognize and Act on the Obvious Dangers We Ignore,59.15,In stock,4,High,Neutral
The Golden Condom: And Other Essays on Love Lost and Found,39.43,In stock,1,Medium,Positive
The Epidemic (The Program 0.6),14.44,In stock,5,Low,Neutral
The Dinner Party,56.54,In stock,2,High,Neutral
The Diary of a Young Girl,59.9,In stock,3,High,Positive
The Children,11.88,In stock,3,Low,Neutral
Stars Above (The Lunar Chronicles #4.5),48.05,In stock,2,High,Neutral
Snatched: How A Drug Queen Went Undercover for the DEA and Was Kidnapped By Colombian Guerillas,21.21,In stock,3,Medium,Neutral
Raspberry Pi Electronics Projects for the Evil Genius,49.67,In stock,4,High,Negative
Quench Your Own Thirst: Business Lessons Learned Over a Beer or Two,43.14,In stock,1,High,Positive
Psycho: Sanitarium (Psycho #1.5),36.97,In stock,5,Medium,Neutral
Poisonous (Max Revere Novels #3),26.8,In stock,3,Medium,Neutral
One with You (Crossfire #5),15.71,In stock,4,Low,Neutral
No Love Allowed (Dodge Cove #1),54.65,In stock,4,High,Negative
Murder at the 42nd Street Library (Raymond Ambler #1),54.36,In stock,4,High,Neutral
Most Wanted,35.28,In stock,3,Medium,Positive
"Love, Lies and Spies",20.55,In stock,2,Medium,Positive
How to Speak Golf: An Illustrated Guide to Links Lingo,58.32,In stock,5,High,Neutral
Hide Away (Eve Duncan #20),11.84,In stock,1,Low,Neutral
Furiously Happy: A Funny Book About Horrible Things,41.46,In stock,4,High,Positive
Everyday Italian: 125 Simple and Delicious Recipes,20.1,In stock,5,Medium,Positive
Equal Is Unfair: America's Misguided Fight Against Income Inequality,56.86,In stock,1,High,Negative
Eleanor & Park,56.51,In stock,5,High,Neutral
Dirty (Dive Bar #1),40.83,In stock,4,High,Negative
Can You Keep a Secret? (Fear Street Relaunch #4),48.64,In stock,1,High,Negative
Boar Island (Anna Pigeon #19),59.48,In stock,3,High,Neutral
A Paris Apartment,39.01,In stock,4,Medium,Neutral
"A la Mode: 120 Recipes in 60 Pairings: Pies, Tarts, Cakes, Crisps, and More Topped with Ice Cream, Gelato, Frozen Custard, and More",38.77,In stock,1,Medium,Positive
Troublemaker: Surviving Hollywood and Scientology,48.39,In stock,2,High,Neutral
The Widow,27.26,In stock,2,Medium,Neutral
"The Sleep Revolution: Transforming Your Life, One Night at a Time",11.68,In stock,4,Low,Neutral
The Improbability of Love,59.45,In stock,1,High,Positive
The Art of Startup Fundraising,21.0,In stock,3,Medium,Neutral
Take Me Home Tonight (Rock Star Romance #3),53.98,In stock,3,High,Neutral
Sleeping Giants (Themis Files #1),48.74,In stock,1,High,Neutral
"Setting the World on Fire: The Brief, Astonishing Life of St. Catherine of Siena",21.15,In stock,2,Medium,Positive
Playing with Fire,13.71,In stock,3,Low,Neutral
Off the Hook (Fishing for Trouble #1),47.67,In stock,3,High,Negative
Mothering Sunday,13.34,In stock,2,Low,Neutral
"Mother, Can You Not?",16.89,In stock,5,Low,Neutral
M Train,27.18,In stock,1,Medium,Neutral
Lilac Girls,17.28,In stock,2,Low,Neutral
Lies and Other Acts of Love,45.14,In stock,1,High,Positive
Lab Girl,40.85,In stock,1,High,Neutral
Keep Me Posted,20.46,In stock,4,Medium,Neutral
It Didn't Start with You: How Inherited Family Trauma Shapes Who We Are and How to End the Cycle,56.27,In stock,3,High,Neutral
Grey (Fifty Shades #4),48.49,In stock,4,High,Negative
"Exit, Pursued by a Bear",51.34,In stock,4,High,Neutral
Daredevils,16.34,In stock,3,Low,Neutral
Cravings: Recipes for What You Want to Eat,20.5,In stock,3,Medium,Neutral
Born for This: How to Find the Work You Were Meant to Do,21.59,In stock,5,Medium,Neutral
Arena,21.36,In stock,4,Medium,Neutral
Adultery,20.88,In stock,5,Medium,Neutral
A Mother's Reckoning: Living in the Aftermath of Tragedy,19.53,In stock,3,Low,Neutral
A Gentleman's Position (Society of Gentlemen #3),14.75,In stock,5,Low,Neutral
11/22/63,48.48,In stock,3,High,Neutral
"10% Happier: How I Tamed the Voice in My Head, Reduced Stress Without Losing My Edge, and Found Self-Help That Actually Works",24.57,In stock,2,Medium,Neutral
10-Day Green Smoothie Cleanse: Lose Up to 15 Pounds in 10 Days!,49.71,In stock,5,High,Negative
Without Shame,48.27,In stock,5,High,Neutral
Watchmen,58.05,In stock,4,High,Neutral
Unlimited Intuition Now,58.87,In stock,4,High,Neutral
Underlying Notes,11.82,In stock,2,Low,Neutral
The Shack,28.03,In stock,1,Medium,Neutral
The New Brand You: Your New Image Makes the Sale for You,44.05,In stock,5,High,Positive
"The Moosewood Cookbook: Recipes from Moosewood Restaurant, Ithaca, New York",12.34,In stock,4,Low,Positive
The Flowers Lied,16.68,In stock,2,Low,Neutral
"The Fabric of the Cosmos: Space, Time, and the Texture of Reality",55.91,In stock,1,High,Neutral
The Book of Mormon,24.57,In stock,3,Medium,Neutral
The Art and Science of Low Carbohydrate Living,52.98,In stock,5,High,Neutral
The Alien Club,54.4,In stock,1,High,Negative
Suzie Snowflake: One beautiful flake (a self-esteem story),54.81,In stock,5,High,Positive
Nap-a-Roo,25.08,In stock,1,Medium,Neutral
"NaNo What Now? Finding your editing process, revising your NaNoWriMo book and building a writing career through publishing and beyond",10.41,In stock,4,Low,Neutral
Modern Day Fables,47.44,In stock,2,High,Positive
If I Gave You God's Phone Number....: Searching for Spirituality in America,20.91,In stock,1,Medium,Neutral
"Fruits Basket, Vol. 9 (Fruits Basket #9)",33.95,In stock,4,Medium,Neutral
Dress Your Family in Corduroy and Denim,43.68,In stock,3,High,Neutral
Don't Forget Steven,33.23,In stock,1,Medium,Neutral
Chernobyl 01:23:40: The Incredible True Story of the World's Worst Nuclear Disaster,35.92,In stock,2,Medium,Positive
Art and Fear: Observations on the Perils (and Rewards) of Artmaking,48.63,In stock,4,High,Neutral
A Shard of Ice (The Black Symphony Saga #1),56.63,In stock,3,High,Negative
A Hero's Curse (The Unseen Chronicles #1),50.49,In stock,3,High,Neutral
23 Degrees South: A Tropical Tale of Changing Whether...,35.79,In stock,2,Medium,Neutral
"Zero to One: Notes on Startups, or How to Build the Future",34.06,In stock,3,Medium,Neutral
Why Not Me?,17.76,In stock,1,Low,Neutral
When Breath Becomes Air,39.36,In stock,2,Medium,Neutral
Vagabonding: An Uncommon Guide to the Art of Long-Term World Travel,36.94,In stock,2,Medium,Positive
The Unlikely Pilgrimage of Harold Fry (Harold Fry #1),43.62,In stock,5,High,Negative
The New Drawing on the Right Side of the Brain,43.02,In stock,3,High,Positive
"The Midnight Assassin: Panic, Scandal, and the Hunt for America's First Serial Killer",28.45,In stock,4,Medium,Positive
The Martian (The Martian #1),41.39,In stock,2,High,Neutral
The High Mountains of Portugal,51.15,In stock,1,High,Positive
The Grownup,35.88,In stock,1,Medium,Neutral
The E-Myth Revisited: Why Most Small Businesses Don't Work and What to Do About It,36.91,In stock,1,Medium,Positive
South of Sunshine,28.93,In stock,1,Medium,Neutral
Smarter Faster Better: The Secrets of Being Productive in Life and Business,38.89,In stock,5,Medium,Positive
Silence in the Dark (Logan Point #4),58.33,In stock,3,High,Negative
Shadows of the Past (Logan Point #1),39.67,In stock,5,Medium,Negative
Roller Girl,14.1,In stock,5,Low,Neutral
Rising Strong,21.82,In stock,3,Medium,Positive
Proofs of God: Classical Arguments from Tertullian to Barth,54.21,In stock,1,High,Neutral
Please Kill Me: The Uncensored Oral History of Punk,31.19,In stock,4,Medium,Neutral
Out of Print: City Lights Spotlight No. 14,53.64,In stock,5,High,Neutral
My Life Next Door (My Life Next Door ),36.39,In stock,5,Medium,Neutral
Miller's Valley,58.54,In stock,2,High,Neutral
Man's Search for Meaning,29.48,In stock,3,Medium,Neutral
"Love That Boy: What Two Presidents, Eight Road Trips, and My Son Taught Me About a Parent's Expectations",25.06,In stock,2,Medium,Positive
Living Forward: A Proven Plan to Stop Drifting and Get the Life You Want,12.55,In stock,3,Low,Neutral
Les Fleurs du Mal,29.04,In stock,5,Medium,Neutral
Left Behind (Left Behind #1),40.72,In stock,2,High,Negative
Kill 'Em and Leave: Searching for James Brown and the American Soul,45.05,In stock,5,High,Neutral
Kierkegaard: A Christian Missionary to Christians,47.13,In stock,1,High,Neutral
John Vassos: Industrial Design for Modern Life,20.22,In stock,4,Medium,Positive
I'll Give You the Sun,56.48,In stock,1,High,Neutral
I Will Find You,44.21,In stock,1,High,Neutral
Hystopia: A Novel,21.96,In stock,4,Medium,Neutral
Howl and Other Poems,40.45,In stock,2,High,Negative
History of Beauty,10.29,In stock,4,Low,Neutral
Heaven is for Real: A Little Boy's Astounding Story of His Trip to Heaven and Back,52.86,In stock,2,High,Positive
Future Shock (Future Shock #1),55.65,In stock,5,High,Neutral
Ender's Game (The Ender Quintet #1),43.64,In stock,1,High,Negative
Diary of a Citizen Scientist: Chasing Tiger Beetles and Other New Ways of Engaging the World,28.41,In stock,1,Medium,Positive
Death by Leisure: A Cautionary Tale,37.51,In stock,4,Medium,Neutral
Brilliant Beacons: A History of the American Lighthouse,11.45,In stock,3,Low,Positive
Brazen: The Courage to Find the You That's Been Hiding,19.22,In stock,2,Low,Neutral
Between the World and Me,56.91,In stock,4,High,Neutral
Being Mortal: Medicine and What Matters in the End,55.06,In stock,4,High,Neutral
"A Murder Over a Girl: Justice, Gender, Junior High",13.2,In stock,3,Low,Positive
32 Yolks,53.63,In stock,2,High,Neutral
"""Most Blessed of the Patriarchs"": Thomas Jefferson and the Empire of the Imagination",44.48,In stock,5,High,Positive
You Are a Badass: How to Stop Doubting Your Greatness and Start Living an Awesome Life,12.08,In stock,3,Low,Positive
Wildlife of New York: A Five-Borough Coloring Book,22.14,In stock,2,Medium,Positive
What Happened on Beale Street (Secrets of the South Mysteries #2),25.37,In stock,5,Medium,Neutral
Unreasonable Hope: Finding Faith in the God Who Brings Purpose to Your Pain,46.33,In stock,2,High,Neutral
Under the Tuscan Sun,37.33,In stock,3,Medium,Neutral
Toddlers Are A**holes: It's Not Your Fault,25.55,In stock,1,Medium,Neutral
The Year of Living Biblically: One Man's Humble Quest to Follow the Bible as Literally as Possible,34.72,In stock,1,Medium,Negative
The Whale,35.96,In stock,4,Medium,Neutral
The Story of Art,41.14,In stock,4,High,Neutral
The Origin of Species,10.01,In stock,4,Low,Neutral
The Great Gatsby,36.05,In stock,4,Medium,Positive
The Good Girl,49.03,In stock,3,High,Positive
The Glass Castle,16.24,In stock,1,Low,Neutral
The Faith of Christopher Hitchens: The Restless Soul of the World's Most Notorious Atheist,39.55,In stock,1,Medium,Positive
The Drowning Girls,35.67,In stock,3,Medium,Neutral
The Constant Princess (The Tudor Court #1),16.62,In stock,3,Low,Neutral
The Bourne Identity (Jason Bourne #1),42.78,In stock,4,High,Neutral
The Bachelor Girl's Guide to Murder (Herringford and Watts Mysteries #1),52.3,In stock,5,High,Neutral
The Art Book,32.34,In stock,2,Medium,Neutral
The 7 Habits of Highly Effective People: Powerful Lessons in Personal Change,33.17,In stock,4,Medium,Positive
Team of Rivals: The Political Genius of Abraham Lincoln,20.12,In stock,5,Medium,Neutral
Steal Like an Artist: 10 Things Nobody Told You About Being Creative,20.9,In stock,2,Medium,Positive
"Sit, Stay, Love",20.9,In stock,3,Medium,Positive
Sister Dear,40.2,In stock,4,High,Neutral
"Shrunken Treasures: Literary Classics, Short, Sweet, and Silly",52.87,In stock,3,High,Negative
"Rich Dad, Poor Dad",51.74,In stock,1,High,Negative
Raymie Nightingale,34.41,In stock,2,Medium,Neutral
Playing from the Heart,32.38,In stock,1,Medium,Neutral
Nightstruck: A Novel,50.35,In stock,4,High,Neutral
"Naturally Lean: 125 Nourishing Gluten-Free, Plant-Based Recipes--All Under 300 Calories",11.38,In stock,5,Low,Positive
Meternity,43.58,In stock,3,High,Neutral
Memoirs of a Geisha,49.67,In stock,3,High,Neutral
Like Never Before (Walker Family #2),28.77,In stock,2,Medium,Neutral
Life of Pi,13.22,In stock,4,Low,Neutral
Leave This Song Behind: Teen Poetry at Its Best,51.17,In stock,5,High,Positive
King's Folly (The Kinsman Chronicles #1),39.61,In stock,5,Medium,Neutral
John Adams,57.43,In stock,4,High,Neutral
How to Cook Everything Vegetarian: Simple Meatless Recipes for Great Food (How to Cook Everything),46.01,In stock,4,High,Positive
How to Be a Domestic Goddess: Baking and the Art of Comfort Cooking,28.25,In stock,2,Medium,Neutral
Good in Bed (Cannie Shapiro #1),37.05,In stock,5,Medium,Positive
"Fruits Basket, Vol. 7 (Fruits Basket #7)",19.57,In stock,1,Low,Neutral
For the Love: Fighting for Grace in a World of Impossible Standards,45.13,In stock,3,High,Negative
Finding God in the Ruins: How God Redeems Pain,46.64,In stock,2,High,Negative
Every Heart a Doorway (Every Heart A Doorway #1),12.16,In stock,5,Low,Neutral
Delivering the Truth (Quaker Midwife Mystery #1),20.89,In stock,4,Medium,Neutral
Counted With the Stars (Out from Egypt #1),17.97,In stock,5,Low,Neutral
"Chronicles, Vol. 1",52.6,In stock,2,High,Neutral
Blue Like Jazz: Nonreligious Thoughts on Christian Spirituality,25.77,In stock,1,Medium,Neutral
Benjamin Franklin: An American Life,48.19,In stock,3,High,Neutral
"At The Existentialist CafÃ©: Freedom, Being, and apricot cocktails with: Jean-Paul Sartre, Simone de Beauvoir, Albert Camus, Martin Heidegger, Edmund Husserl, Karl Jaspers, Maurice Merleau-Ponty and others",29.93,In stock,5,Medium,Neutral
A Summer In Europe,44.34,In stock,2,High,Neutral
A Short History of Nearly Everything,52.4,In stock,5,High,Positive
A Gathering of Shadows (Shades of Magic #2),44.81,In stock,4,High,Positive
The Sound Of Love,57.84,In stock,5,High,Positive
The Rise and Fall of the Third Reich: A History of Nazi Germany,39.67,In stock,2,Medium,Neutral
The Perks of Being a Wallflower,55.02,In stock,3,High,Neutral
The Mysterious Affair at Styles (Hercule Poirot #1),24.8,In stock,4,Medium,Neutral
The Man Who Mistook His Wife for a Hat and Other Clinical Tales,59.45,In stock,4,High,Negative
The Makings of a Fatherless Child,31.58,In stock,2,Medium,Neutral
The Joy of Cooking,43.27,In stock,4,High,Positive
The Invention of Wings,37.34,In stock,1,Medium,Neutral
The Hobbit (Middle-Earth Universe),17.8,In stock,5,Low,Neutral
The Great Railway Bazaar,30.54,In stock,1,Medium,Positive
The Golden Compass (His Dark Materials #1),18.77,In stock,1,Low,Positive
The God Delusion,46.85,In stock,3,High,Neutral
The Girl You Left Behind (The Girl You Left Behind #1),15.79,In stock,1,Low,Negative
The Fellowship of the Ring (The Lord of the Rings #1),10.27,In stock,2,Low,Neutral
The Collected Poems of W.B. Yeats (The Collected Works of W.B. Yeats #1),15.42,In stock,5,Low,Neutral
The Barefoot Contessa Cookbook,59.92,In stock,5,High,Neutral
Tell the Wolves I'm Home,50.96,In stock,2,High,Neutral
Ship Leaves Harbor: Essays on Travel by a Recovering Journeyman,30.6,In stock,3,Medium,Neutral
Pride and Prejudice,19.27,In stock,4,Low,Neutral
Musicophilia: Tales of Music and the Brain,46.58,In stock,1,High,Neutral
Mere Christianity,48.51,In stock,3,High,Negative
Me Before You (Me Before You #1),19.02,In stock,1,Low,Neutral
In the Woods (Dublin Murder Squad #1),38.38,In stock,2,Medium,Neutral
In Cold Blood,49.98,In stock,4,High,Negative
How to Stop Worrying and Start Living,46.49,In stock,5,High,Neutral
Give It Back,18.32,In stock,2,Low,Neutral
"Girl, Interrupted",42.14,In stock,3,High,Neutral
Fun Home: A Family Tragicomic,56.59,In stock,4,High,Positive
"Fruits Basket, Vol. 6 (Fruits Basket #6)",20.96,In stock,4,Medium,Neutral
Deception Point,40.32,In stock,4,High,Neutral
"Death Note, Vol. 6: Give-and-Take (Death Note #6)",36.39,In stock,3,Medium,Neutral
Catherine the Great: Portrait of a Woman,58.55,In stock,4,High,Positive
Better Homes and Gardens New Cook Book,39.61,In stock,3,Medium,Positive
An Unquiet Mind: A Memoir of Moods and Madness,21.3,In stock,3,Medium,Neutral
A Year in Provence (Provence #1),56.88,In stock,4,High,Neutral
World Without End (The Pillars of the Earth #2),32.97,In stock,4,Medium,Neutral
"Will Grayson, Will Grayson (Will Grayson, Will Grayson)",47.31,In stock,4,High,Neutral
Why Save the Bankers?: And Other Essays on Our Economic and Political Crisis,48.67,In stock,2,High,Positive
Where She Went (If I Stay #2),41.73,In stock,4,High,Neutral
What If?: Serious Scientific Answers to Absurd Hypothetical Questions,53.68,In stock,4,High,Negative
Two Summers,14.64,In stock,1,Low,Neutral
This Is Your Brain on Music: The Science of a Human Obsession,38.4,In stock,1,Medium,Neutral
The Secret Garden,15.08,In stock,4,Low,Negative
The Raven King (The Raven Cycle #4),30.57,In stock,2,Medium,Neutral
The Raven Boys (The Raven Cycle #1),57.74,In stock,4,High,Neutral
The Power Greens Cookbook: 140 Delicious Superfood Recipes,11.05,In stock,5,Low,Positive
The Metamorphosis,28.58,In stock,1,Medium,Neutral
The Mathews Men: Seven Brothers and the War Against Hitler's U-boats,42.91,In stock,5,High,Neutral
The Little Paris Bookshop,24.73,In stock,3,Medium,Negative
The Hiding Place,55.91,In stock,4,High,Neutral
The Grand Design,13.76,In stock,3,Low,Positive
The Firm,45.56,In stock,3,High,Negative
The Fault in Our Stars,47.22,In stock,1,High,Neutral
The False Prince (The Ascendance Trilogy #1),56.0,In stock,5,High,Negative
The Expatriates,44.58,In stock,2,High,Neutral
The Dream Thieves (The Raven Cycle #2),34.5,In stock,1,Medium,Neutral
The Darkest Corners,11.33,In stock,5,Low,Neutral
The Crossover,38.77,In stock,4,Medium,Neutral
The 5th Wave (The 5th Wave #1),11.83,In stock,2,Low,Neutral
Tell the Wind and Fire,45.51,In stock,3,High,Neutral
Tell Me Three Things,41.81,In stock,1,High,Neutral
Talking to Girls About Duran Duran: One Young Man's Quest for True Love and a Cooler Haircut,25.15,In stock,4,Medium,Positive
Siddhartha,34.22,In stock,5,Medium,Neutral
Shiver (The Wolves of Mercy Falls #1),16.23,In stock,5,Low,Neutral
Remember Me?,11.48,In stock,3,Low,Neutral
Red Dragon (Hannibal Lecter #1),23.37,In stock,3,Medium,Neutral
Peak: Secrets from the New Science of Expertise,16.28,In stock,2,Low,Positive
My Mother Was Nuts,31.63,In stock,4,Medium,Neutral
Mexican Today: New and Rediscovered Recipes for Contemporary Kitchens,24.91,In stock,5,Medium,Positive
Maybe Something Beautiful: How Art Transformed a Neighborhood,22.54,In stock,1,Medium,Positive
Lola and the Boy Next Door (Anna and the French Kiss #2),23.63,In stock,4,Medium,Neutral
Logan Kade (Fallen Crest High #5.5),13.12,In stock,2,Low,Positive
Last One Home (New Beginnings #1),59.98,In stock,3,High,Positive
Killing Floor (Jack Reacher #1),31.49,In stock,4,Medium,Neutral
Kill the Boy Band,15.52,In stock,5,Low,Neutral
Isla and the Happily Ever After (Anna and the French Kiss #3),48.13,In stock,5,High,Positive
If I Stay (If I Stay #1),38.13,In stock,5,Medium,Neutral
I Know Why the Caged Bird Sings (Maya Angelou's Autobiography #1),36.55,In stock,2,Medium,Neutral
Harry Potter and the Deathly Hallows (Harry Potter #7),23.32,In stock,1,Medium,Neutral
"Fruits Basket, Vol. 5 (Fruits Basket #5)",16.33,In stock,1,Low,Neutral
Foundation (Foundation (Publication Order) #1),32.42,In stock,1,Medium,Neutral
Fool Me Once,16.96,In stock,1,Low,Neutral
Find Her (Detective D.D. Warren #8),22.37,In stock,1,Medium,Positive
Evicted: Poverty and Profit in the American City,42.27,In stock,1,High,Neutral
Drama,38.7,In stock,2,Medium,Neutral
Dracula the Un-Dead,35.63,In stock,5,Medium,Neutral
Digital Fortress,58.0,In stock,5,High,Neutral
"Death Note, Vol. 5: Whiteout (Death Note #5)",52.41,In stock,1,High,Neutral
"Data, A Love Story: How I Gamed Online Dating to Meet My Match",32.35,In stock,3,Medium,Positive
Critique of Pure Reason,20.75,In stock,1,Medium,Positive
Booked,17.49,In stock,5,Low,Neutral
"Blue Lily, Lily Blue (The Raven Cycle #3)",34.13,In stock,5,Medium,Neutral
Approval Junkie: Adventures in Caring Too Much,58.81,In stock,5,High,Positive
An Abundance of Katherines,10.0,In stock,5,Low,Neutral
America's War for the Greater Middle East: A Military History,51.22,In stock,2,High,Positive
Alight (The Generations Trilogy #2),58.59,In stock,4,High,Neutral
A Girl's Guide to Moving On (New Beginnings #2),31.3,In stock,1,Medium,Positive
A Game of Thrones (A Song of Ice and Fire #1),46.42,In stock,2,High,Negative
A Feast for Crows (A Song of Ice and Fire #4),17.21,In stock,4,Low,Neutral
A Clash of Kings (A Song of Ice and Fire #2),10.79,In stock,3,Low,Neutral
Vogue Colors A to Z: A Fashion Coloring Book,52.35,In stock,4,High,Neutral
The Shining (The Shining #1),27.88,In stock,3,Medium,Neutral
The Pilgrim's Progress,50.26,In stock,2,High,Neutral
The Perfect Play (Play by Play #1),59.99,In stock,3,High,Positive
The Passion of Dolssa,28.32,In stock,5,Medium,Neutral
The Jazz of Physics: The Secret Link Between Music and the Structure of the Universe,38.71,In stock,3,Medium,Negative
The Hunger Games (The Hunger Games #1),29.85,In stock,5,Medium,Neutral
The Hound of the Baskervilles (Sherlock Holmes #5),14.82,In stock,2,Low,Neutral
The Gunning of America: Business and the Making of American Gun Culture,16.81,In stock,4,Low,Neutral
The Geography of Bliss: One Grump's Search for the Happiest Places in the World,28.23,In stock,2,Medium,Neutral
The Demonists (Demonist #1),52.11,In stock,2,High,Neutral
"The Demon Prince of Momochi House, Vol. 4 (The Demon Prince of Momochi House #4)",27.88,In stock,2,Medium,Neutral
The Bone Hunters (Lexy Vaughan & Steven Macaulay #2),59.71,In stock,3,High,Neutral
The Beast (Black Dagger Brotherhood #14),46.08,In stock,5,High,Negative
Some Women,13.73,In stock,5,Low,Neutral
Shopaholic Ties the Knot (Shopaholic #3),48.39,In stock,5,High,Neutral
Paper and Fire (The Great Library #2),49.45,In stock,5,High,Positive
Outlander (Outlander #1),19.67,In stock,5,Low,Neutral
"Orchestra of Exiles: The Story of Bronislaw Huberman, the Israel Philharmonic, and the One Thousand Jews He Saved from Nazi Horrors",12.36,In stock,3,Low,Neutral
No One Here Gets Out Alive,20.02,In stock,5,Medium,Positive
Night Shift (Night Shift #1-20),12.75,In stock,4,Low,Neutral
Needful Things,47.51,In stock,4,High,Neutral
Mockingjay (The Hunger Games #3),20.44,In stock,4,Medium,Neutral
Misery,34.79,In stock,2,Medium,Neutral
Little Women (Little Women #1),28.07,In stock,4,Medium,Negative
It,25.01,In stock,3,Medium,Neutral
Harry Potter and the Sorcerer's Stone (Harry Potter #1),13.9,In stock,3,Low,Neutral
Harry Potter and the Prisoner of Azkaban (Harry Potter #3),24.17,In stock,4,Medium,Neutral
Harry Potter and the Order of the Phoenix (Harry Potter #5),31.63,In stock,4,Medium,Neutral
Harry Potter and the Half-Blood Prince (Harry Potter #6),48.75,In stock,5,High,Neutral
Harry Potter and the Chamber of Secrets (Harry Potter #2),14.74,In stock,1,Low,Neutral
Gone with the Wind,32.49,In stock,3,Medium,Neutral
God Is Not Great: How Religion Poisons Everything,27.8,In stock,1,Medium,Negative
Girl With a Pearl Earring,26.77,In stock,1,Medium,Neutral
"Fruits Basket, Vol. 4 (Fruits Basket #4)",50.44,In stock,4,High,Neutral
Far From True (Promise Falls Trilogy #2),34.93,In stock,2,Medium,Positive
Dark Lover (Black Dagger Brotherhood #1),12.87,In stock,1,Low,Negative
Confessions of a Shopaholic (Shopaholic #1),48.94,In stock,2,High,Neutral
Changing the Game (Play by Play #2),13.38,In stock,3,Low,Negative
Candide,58.63,In stock,3,High,Neutral
Can You Keep a Secret?,21.94,In stock,1,Medium,Negative
Atlas Shrugged,26.58,In stock,5,Medium,Neutral
Animal Farm,57.22,In stock,3,High,Neutral
A Walk to Remember,56.43,In stock,1,High,Neutral
A New Earth: Awakening to Your Life's Purpose,55.65,In stock,5,High,Positive
"A History of God: The 4,000-Year Quest of Judaism, Christianity, and Islam",27.62,In stock,1,Medium,Neutral
'Salem's Lot,49.56,In stock,4,High,Neutral
Zero History (Blue Ant #3),34.77,In stock,1,Medium,Neutral
Wuthering Heights,17.73,In stock,3,Low,Neutral
World War Z: An Oral History of the Zombie War,21.8,In stock,1,Medium,Neutral
Wild: From Lost to Found on the Pacific Crest Trail,46.02,In stock,3,High,Positive
"Where'd You Go, Bernadette",18.13,In stock,1,Low,Neutral
When You Are Engulfed in Flames,30.89,In stock,5,Medium,Neutral
We the People: The Modern-Day Figures Who Have Reshaped and Affirmed the Founding Fathers' Vision of America,31.95,In stock,3,Medium,Neutral
We Are All Completely Beside Ourselves,24.04,In stock,1,Medium,Positive
Walk the Edge (Thunder Road #2),32.36,In stock,3,Medium,Neutral
Voyager (Outlander #3),21.07,In stock,5,Medium,Neutral
Very Good Lives: The Fringe Benefits of Failure and the Importance of Imagination,50.66,In stock,3,High,Positive
Vegan Vegetarian Omnivore: Dinner for Everyone at the Table,13.66,In stock,2,Low,Neutral
"Unstuffed: Decluttering Your Home, Mind, and Soul",58.09,In stock,1,High,Neutral
Under the Banner of Heaven: A Story of Violent Faith,30.0,In stock,1,Medium,Negative
Two Boys Kissing,32.74,In stock,2,Medium,Neutral
Twilight (Twilight #1),41.93,In stock,2,High,Neutral
Twenties Girl,42.8,In stock,2,High,Neutral
"Trespassing Across America: One Man's Epic, Never-Done-Before (and Sort of Illegal) Hike Across the Heartland",53.51,In stock,1,High,Negative
Three-Martini Lunch,23.21,In stock,3,Medium,Neutral
"Thinking, Fast and Slow",21.14,In stock,1,Medium,Negative
The Wild Robot,56.07,In stock,3,High,Positive
"The Wicked + The Divine, Vol. 3: Commercial Suicide (The Wicked + The Divine)",14.41,In stock,3,Low,Neutral
The Undomestic Goddess,45.75,In stock,4,High,Neutral
The Travelers,15.77,In stock,1,Low,Neutral
The Tipping Point: How Little Things Can Make a Big Difference,10.02,In stock,2,Low,Negative
The Thing About Jellyfish,48.77,In stock,1,High,Neutral
The Stand,57.86,In stock,2,High,Neutral
The Smitten Kitchen Cookbook,23.59,In stock,1,Medium,Neutral
The Silkworm (Cormoran Strike #2),23.05,In stock,5,Medium,Neutral
"The Sandman, Vol. 3: Dream Country (The Sandman (volumes) #3)",55.55,In stock,5,High,Neutral
The Rose & the Dagger (The Wrath and the Dawn #2),58.64,In stock,4,High,Positive
The Road to Little Dribbling: Adventures of an American in Britain (Notes From a Small Island #2),23.21,In stock,1,Medium,Negative
The Rise of Theodore Roosevelt (Theodore Roosevelt #1),42.57,In stock,3,High,Neutral
The Restaurant at the End of the Universe (Hitchhiker's Guide to the Galaxy #2),10.92,In stock,1,Low,Neutral
The Rest Is Noise: Listening to the Twentieth Century,34.77,In stock,1,Medium,Neutral
The Red Tent,35.66,In stock,5,Medium,Neutral
The Purpose Driven Life: What on Earth Am I Here for?,37.19,In stock,3,Medium,Neutral
The Purest Hook (Second Circle Tattoos #3),12.25,In stock,1,Low,Neutral
The Picture of Dorian Gray,29.7,In stock,2,Medium,Neutral
The Paris Wife,36.8,In stock,3,Medium,Neutral
The Obsession,45.43,In stock,1,High,Neutral
The Nightingale,26.26,In stock,4,Medium,Neutral
The New Guy (and Other Senior Year Distractions),44.92,In stock,3,High,Positive
The Nanny Diaries (Nanny #1),52.53,In stock,5,High,Neutral
The Name of God is Mercy,37.25,In stock,2,Medium,Neutral
The Maze Runner (The Maze Runner #1),20.93,In stock,1,Medium,Neutral
The Lover's Dictionary,58.09,In stock,2,High,Neutral
The Lonely Ones,43.59,In stock,5,High,Negative
The Lean Startup: How Today's Entrepreneurs Use Continuous Innovation to Create Radically Successful Businesses,33.92,In stock,3,Medium,Positive
The Last Painting of Sara de Vos,55.55,In stock,2,High,Neutral
"The Land of 10,000 Madonnas",29.64,In stock,4,Medium,Neutral
The Infinities,27.41,In stock,1,Medium,Neutral
The Husband's Secret,52.51,In stock,5,High,Negative
The Hitchhiker's Guide to the Galaxy (Hitchhiker's Guide to the Galaxy #1),47.8,In stock,3,High,Neutral
The Guns of August,14.54,In stock,2,Low,Neutral
The Guernsey Literary and Potato Peel Pie Society,49.53,In stock,1,High,Positive
The Goldfinch,43.58,In stock,3,High,Neutral
The Giver (The Giver Quartet #1),12.3,In stock,1,Low,Neutral
The Girl with All the Gifts,49.47,In stock,3,High,Neutral
The Girl Who Played with Fire (Millennium Trilogy #2),22.14,In stock,2,Medium,Neutral
The Girl Who Kicked the Hornet's Nest (Millennium Trilogy #3),57.48,In stock,1,High,Neutral
The Exiled,43.45,In stock,3,High,Neutral
"The End of Faith: Religion, Terror, and the Future of Reason",22.13,In stock,4,Medium,Neutral
"The Elegant Universe: Superstrings, Hidden Dimensions, and the Quest for the Ultimate Theory",13.03,In stock,4,Low,Positive
"The Disappearing Spoon: And Other True Tales of Madness, Love, and the History of the World from the Periodic Table of the Elements",57.35,In stock,5,High,Positive
The Devil Wears Prada (The Devil Wears Prada #1),44.29,In stock,1,High,Neutral
The Demon-Haunted World: Science as a Candle in the Dark,52.25,In stock,4,High,Negative
The Day the Crayons Came Home (Crayons),26.33,In stock,5,Medium,Neutral
The Da Vinci Code (Robert Langdon #2),22.96,In stock,2,Medium,Neutral
The Cuckoo's Calling (Cormoran Strike #1),19.21,In stock,1,Low,Neutral
The Complete Stories and Poems (The Works of Edgar Allan Poe [Cameo Edition]),26.78,In stock,4,Medium,Positive
The Complete Poems,41.32,In stock,5,High,Positive
The Catcher in the Rye,24.55,In stock,1,Medium,Neutral
The Cat in the Hat (Beginner Books B-1),16.26,In stock,2,Low,Neutral
The Case for Christ (Cases for Christianity),47.84,In stock,1,High,Neutral
The Book Thief,53.49,In stock,2,High,Neutral
The Book of Basketball: The NBA According to The Sports Guy,44.84,In stock,5,High,Neutral
The Blind Side: Evolution of a Game,53.71,In stock,5,High,Negative
The Autobiography of Malcolm X,23.43,In stock,2,Medium,Neutral
"The Art of Simple Food: Notes, Lessons, and Recipes from a Delicious Revolution",34.32,In stock,3,Medium,Positive
The Art of Fielding,22.1,In stock,1,Medium,Neutral
"Surely You're Joking, Mr. Feynman!: Adventures of a Curious Character",25.83,In stock,2,Medium,Positive
Stiff: The Curious Lives of Human Cadavers,36.74,In stock,3,Medium,Negative
Spilled Milk: Based on a True Story,49.51,In stock,1,High,Positive
Something Borrowed (Darcy & Rachel #1),48.96,In stock,5,High,Neutral
Something Blue (Darcy & Rachel #2),54.62,In stock,1,High,Neutral
Soldier (Talon #3),24.72,In stock,2,Medium,Neutral
Shopaholic & Baby (Shopaholic #5),46.45,In stock,2,High,Neutral
Seven Days in the Art World,52.33,In stock,2,High,Neutral
Seven Brief Lessons on Physics,30.6,In stock,4,Medium,Neutral
Scarlet (The Lunar Chronicles #2),14.57,In stock,4,Low,Neutral
Sarah's Key,46.29,In stock,1,High,Neutral
"Saga, Volume 3 (Saga (Collected Editions) #3)",21.57,In stock,5,Medium,Neutral
Running with Scissors,12.91,In stock,4,Low,Neutral
Rogue Lawyer (Rogue Lawyer #1),50.11,In stock,3,High,Neutral
"Rise of the Rocket Girls: The Women Who Propelled Us, from Missiles to the Moon to Mars",41.67,In stock,4,High,Neutral
Rework,44.88,In stock,2,High,Neutral
Reservations for Two,11.1,In stock,3,Low,Neutral
Red: The True Story of Red Riding Hood,28.54,In stock,3,Medium,Positive
Ready Player One,19.07,In stock,4,Low,Positive
Quiet: The Power of Introverts in a World That Can't Stop Talking,43.55,In stock,1,High,Neutral
Prodigy: The Graphic Novel (Legend: The Graphic Novel #2),43.63,In stock,3,High,Neutral
Persepolis: The Story of a Childhood (Persepolis #1-2),39.13,In stock,1,Medium,Neutral
Packing for Mars: The Curious Science of Life in the Void,56.68,In stock,2,High,Negative
Outliers: The Story of Success,14.16,In stock,1,Low,Positive
Original Fake,31.45,In stock,3,Medium,Negative
Orange Is the New Black,24.61,In stock,2,Medium,Negative
One for the Money (Stephanie Plum #1),32.87,In stock,2,Medium,Neutral
Notes from a Small Island (Notes From a Small Island #1),40.17,In stock,1,High,Negative
Night (The Night Trilogy #1),13.51,In stock,1,Low,Neutral
Neither Here nor There: Travels in Europe,38.95,In stock,3,Medium,Neutral
Naked,31.69,In stock,3,Medium,Neutral
Morning Star (Red Rising #3),29.4,In stock,1,Medium,Neutral
"Miracles from Heaven: A Little Girl, Her Journey to Heaven, and Her Amazing Story of Healing",57.83,In stock,1,High,Positive
Midnight Riot (Peter Grant/ Rivers of London - books #1),55.46,In stock,2,High,Neutral
Me Talk Pretty One Day,57.6,In stock,2,High,Positive
Manuscript Found in Accra,34.98,In stock,2,Medium,Neutral
Lust & Wonder,11.87,In stock,2,Low,Neutral
Lila (Gilead #3),12.47,In stock,3,Low,Neutral
"Life, the Universe and Everything (Hitchhiker's Guide to the Galaxy #3)",33.26,In stock,2,Medium,Neutral
Life Without a Recipe,59.04,In stock,5,High,Neutral
Life After Life,26.13,In stock,2,Medium,Neutral
Letter to a Christian Nation,22.2,In stock,1,Medium,Neutral
Let's Pretend This Never Happened: A Mostly True Memoir,45.11,In stock,1,High,Positive
Legend (Legend #1),43.69,In stock,4,High,Neutral
"Lean In: Women, Work, and the Will to Lead",25.02,In stock,1,Medium,Neutral
"Lamb: The Gospel According to Biff, Christ's Childhood Pal",55.5,In stock,5,High,Neutral
Lady Renegades (Rebel Belle #3),53.04,In stock,5,High,Neutral
Jurassic Park (Jurassic Park #1),44.97,In stock,1,High,Neutral
It's Never Too Late to Begin Again: Discovering Creativity and Meaning at Midlife and Beyond,42.38,In stock,1,High,Negative
Is Everyone Hanging Out Without Me? (And Other Concerns),20.11,In stock,3,Medium,Negative
Into the Wild,56.7,In stock,5,High,Positive
Inferno (Robert Langdon #4),41.0,In stock,5,High,Neutral
"In the Garden of Beasts: Love, Terror, and an American Family in Hitler's Berlin",28.85,In stock,3,Medium,Positive
If I Run (If I Run #1),49.97,In stock,4,High,Neutral
I've Got Your Number,19.69,In stock,1,Low,Neutral
I Am Malala: The Girl Who Stood Up for Education and Was Shot by the Taliban,28.88,In stock,2,Medium,Neutral
Hungry Girl Clean & Hungry: Easy All-Natural Recipes for Healthy Eating in the Real World,33.14,In stock,3,Medium,Positive
"House of Lost Worlds: Dinosaurs, Dynasties, and the Story of Life on Earth",43.7,In stock,2,High,Neutral
House of Leaves,54.89,In stock,1,High,Neutral
Horrible Bear!,37.52,In stock,2,Medium,Negative
Holidays on Ice,51.07,In stock,2,High,Neutral
Heir to the Sky,44.07,In stock,4,High,Neutral
Green Eggs and Ham (Beginner Books B-16),10.79,In stock,4,Low,Negative
"Grayson, Vol 3: Nemesis (Grayson #3)",42.72,In stock,1,High,Neutral
Gratitude,26.66,In stock,5,Medium,Neutral
Gone Girl,37.6,In stock,5,Medium,Neutral
Golden (Heart of Dread #3),42.21,In stock,4,High,Positive
Girl in the Blue Coat,46.83,In stock,2,High,Neutral
"Fruits Basket, Vol. 3 (Fruits Basket #3)",45.17,In stock,2,High,Neutral
"Friday Night Lights: A Town, a Team, and a Dream",51.22,In stock,3,High,Neutral
Fire Bound (Sea Haven/Sisters of the Heart #5),21.28,In stock,4,Medium,Neutral
Fifty Shades Freed (Fifty Shades #3),15.36,In stock,5,Low,Neutral
Fellside,38.62,In stock,1,Medium,Neutral
Extreme Prey (Lucas Davenport #26),25.4,In stock,3,Medium,Negative
Eragon (The Inheritance Cycle #1),43.87,In stock,3,High,Neutral
Eclipse (Twilight #3),18.74,In stock,1,Low,Neutral
Dune (Dune #1),54.86,In stock,1,High,Neutral
Dracula,52.62,In stock,3,High,Neutral
Do Androids Dream of Electric Sheep? (Blade Runner #1),51.48,In stock,1,High,Neutral
Disrupted: My Misadventure in the Start-Up Bubble,15.28,In stock,5,Low,Neutral
Dead Wake: The Last Crossing of the Lusitania,39.24,In stock,5,Medium,Negative
"David and Goliath: Underdogs, Misfits, and the Art of Battling Giants",17.81,In stock,1,Low,Neutral
Darkfever (Fever #1),56.02,In stock,1,High,Neutral
Dark Places,23.9,In stock,5,Medium,Negative
Crazy Rich Asians (Crazy Rich Asians #1),49.13,In stock,5,High,Negative
Counting Thyme,10.62,In stock,1,Low,Neutral
Cosmos,36.17,In stock,2,Medium,Neutral
Civilization and Its Discontents,59.95,In stock,2,High,Neutral
Cinder (The Lunar Chronicles #1),26.09,In stock,1,Medium,Neutral
Catastrophic Happiness: Finding Joy in Childhood's Messy Years,37.35,In stock,2,Medium,Positive
Career of Evil (Cormoran Strike #3),24.72,In stock,2,Medium,Negative
Breaking Dawn (Twilight #4),35.28,In stock,5,Medium,Neutral
Brave Enough,51.32,In stock,5,High,Positive
Boy Meets Boy,21.12,In stock,3,Medium,Neutral
"Born to Run: A Hidden Tribe, Superathletes, and the Greatest Race the World Has Never Seen",27.35,In stock,2,Medium,Positive
Blink: The Power of Thinking Without Thinking,21.74,In stock,5,Medium,Neutral
Black Flags: The Rise of ISIS,40.87,In stock,1,High,Negative
"Black Butler, Vol. 1 (Black Butler #1)",49.31,In stock,1,High,Negative
Big Little Lies,22.11,In stock,1,Medium,Negative
Between Shades of Gray,20.79,In stock,5,Medium,Neutral
Best of My Love (Fool's Gold #20),27.41,In stock,2,Medium,Positive
Beowulf,38.35,In stock,2,Medium,Neutral
Beautiful Creatures (Caster Chronicles #1),21.55,In stock,5,Medium,Positive
Awkward,38.02,In stock,2,Medium,Negative
Ash,22.06,In stock,4,Medium,Neutral
Are We There Yet?,10.66,In stock,3,Low,Neutral
Are We Smart Enough to Know How Smart Animals Are?,56.58,In stock,1,High,Positive
Annie on My Mind,36.83,In stock,5,Medium,Neutral
And Then There Were None,35.01,In stock,2,Medium,Neutral
A Walk in the Woods: Rediscovering America on the Appalachian Trail,30.48,In stock,4,Medium,Neutral
A Visit from the Goon Squad,14.08,In stock,5,Low,Neutral
A Storm of Swords (A Song of Ice and Fire #3),31.22,In stock,2,Medium,Neutral
A Heartbreaking Work of Staggering Genius,54.29,In stock,5,High,Neutral
8 Keys to Mental Health Through Exercise,31.04,In stock,1,Medium,Negative
#GIRLBOSS,50.96,In stock,1,High,Neutral
"The Suffragettes (Little Black Classics, #96)",11.89,In stock,2,Low,Negative
The Sense of an Ending,31.38,In stock,3,Medium,Neutral
"The Sandman, Vol. 2: The Doll's House (The Sandman (volumes) #2)",54.81,In stock,1,High,Neutral
The Course of Love,16.78,In stock,3,Low,Positive
Sugar Rush (Offensive Line #2),24.42,In stock,1,Medium,Neutral
"Saga, Volume 2 (Saga (Collected Editions) #2)",11.75,In stock,3,Low,Neutral
"Run, Spot, Run: The Ethics of Keeping Pets",20.02,In stock,1,Medium,Neutral
New Moon (Twilight #2),12.86,In stock,4,Low,Positive
Life,31.58,In stock,5,Medium,Neutral
Kindle Paperwhite User's Guide,34.0,In stock,3,Medium,Neutral
H is for Hawk,57.42,In stock,5,High,Neutral
Girl Online On Tour (Girl Online #2),53.47,In stock,1,High,Neutral
"Fruits Basket, Vol. 2 (Fruits Basket #2)",11.64,In stock,5,Low,Neutral
Diary of a Minecraft Zombie Book 1: A Scare of a Dare (An Unofficial Minecraft Book),52.88,In stock,4,High,Neutral
"Y: The Last Man, Vol. 1: Unmanned (Y: The Last Man #1)",18.51,In stock,4,Low,Neutral
While You Were Mine,41.32,In stock,5,High,Neutral
Where Lightning Strikes (Bleeding Stars #3),39.77,In stock,3,Medium,Neutral
When I'm Gone,51.96,In stock,3,High,Neutral
Ways of Seeing,39.51,In stock,5,Medium,Neutral
"Vampire Knight, Vol. 1 (Vampire Knight #1)",15.4,In stock,1,Low,Neutral
Vampire Girl (Vampire Girl #1),53.82,In stock,2,High,Neutral
Twenty Love Poems and a Song of Despair,30.95,In stock,4,Medium,Positive
Travels with Charley: In Search of America,57.82,In stock,5,High,Neutral
Three Wishes (River of Time: California #1),44.18,In stock,2,High,Neutral
This One Moment (Pushing Limits #1),48.71,In stock,1,High,Neutral
The Zombie Room,19.69,In stock,5,Low,Neutral
"The Wicked + The Divine, Vol. 1: The Faust Act (The Wicked + The Divine)",36.52,In stock,2,Medium,Neutral
The Tumor,41.56,In stock,5,High,Neutral
The Story of Hong Gildong,43.19,In stock,4,High,Neutral
The Silent Wife,12.34,In stock,5,Low,Neutral
The Silent Twin (Detective Jennifer Knight #3),36.25,In stock,3,Medium,Neutral
The Selfish Gene,29.45,In stock,1,Medium,Negative
The Secret Healer,34.56,In stock,3,Medium,Negative
"The Sandman, Vol. 1: Preludes and Nocturnes (The Sandman (volumes) #1)",54.12,In stock,3,High,Neutral
The Republic,33.78,In stock,3,Medium,Neutral
The Odyssey,29.64,In stock,3,Medium,Neutral
The No. 1 Ladies' Detective Agency (No. 1 Ladies' Detective Agency #1),57.7,In stock,4,High,Neutral
The Nicomachean Ethics,36.34,In stock,1,Medium,Neutral
The Name of the Wind (The Kingkiller Chronicle #1),50.59,In stock,3,High,Neutral
The Mirror & the Maze (The Wrath and the Dawn #1.5),29.38,In stock,1,Medium,Neutral
The Little Prince,45.42,In stock,2,High,Negative
The Light of the Fireflies,54.43,In stock,1,High,Positive
The Last Girl (The Dominion Trilogy #1),36.26,In stock,2,Medium,Neutral
The Iliad,16.16,In stock,1,Low,Neutral
The Hook Up (Game On #1),36.29,In stock,5,Medium,Negative
The Haters,27.89,In stock,5,Medium,Neutral
The Girl You Lost,12.29,In stock,5,Low,Neutral
The Girl In The Ice (DCI Erika Foster #1),15.85,In stock,3,Low,Neutral
The End of the Jesus Era (An Investigation #1),14.4,In stock,1,Low,Neutral
The Edge of Reason (Bridget Jones #2),19.18,In stock,4,Low,Neutral
The Complete Maus (Maus #1-2),10.64,In stock,3,Low,Positive
The Communist Manifesto,14.76,In stock,3,Low,Neutral
The Bhagavad Gita,57.49,In stock,3,High,Neutral
The Bette Davis Club,30.66,In stock,3,Medium,Neutral
The Art of Not Breathing,40.83,In stock,4,High,Neutral
Taking Shots (Assassins #1),18.88,In stock,2,Low,Neutral
Starlark,25.83,In stock,3,Medium,Neutral
"Skip Beat!, Vol. 01 (Skip Beat! #1)",42.12,In stock,3,High,Neutral
Sister Sable (The Mad Queen #1),13.33,In stock,3,Low,Negative
Shatter Me (Shatter Me #1),42.4,In stock,1,High,Neutral
Shameless,58.35,In stock,3,High,Neutral
Shadow Rites (Jane Yellowrock #10),21.72,In stock,4,Medium,Neutral
Settling the Score (The Summer Games #1),44.91,In stock,2,High,Neutral
Sense and Sensibility,37.46,In stock,1,Medium,Neutral
"Saga, Volume 1 (Saga (Collected Editions) #1)",28.48,In stock,1,Medium,Neutral
"Rhythm, Chord & Malykhin",28.34,In stock,2,Medium,Neutral
"Rat Queens, Vol. 1: Sass & Sorcery (Rat Queens (Collected Editions) #1-5)",46.96,In stock,5,High,Neutral
Paradise Lost (Paradise #1),24.96,In stock,1,Medium,Neutral
"Paper Girls, Vol. 1 (Paper Girls #1-5)",21.71,In stock,4,Medium,Neutral
"Ouran High School Host Club, Vol. 1 (Ouran High School Host Club #1)",29.87,In stock,3,Medium,Positive
Origins (Alphas 0.5),28.99,In stock,1,Medium,Neutral
One Second (Seven #7),52.94,In stock,2,High,Neutral
On the Road (Duluoz Legend),32.36,In stock,3,Medium,Neutral
Old Records Never Die: One Man's Quest for His Vinyl and His Past,55.66,In stock,2,High,Negative
Off Sides (Off #1),39.45,In stock,5,Medium,Neutral
Of Mice and Men,47.11,In stock,2,High,Neutral
Myriad (Prentor #1),58.75,In stock,4,High,Neutral
My Perfect Mistake (Over the Top #1),38.92,In stock,2,Medium,Positive
"Ms. Marvel, Vol. 1: No Normal (Ms. Marvel (2014-2015) #1)",39.39,In stock,4,Medium,Negative
Meditations,25.89,In stock,2,Medium,Neutral
Matilda,28.34,In stock,1,Medium,Neutral
Lost Among the Living,27.7,In stock,4,Medium,Neutral
Lord of the Flies,24.89,In stock,3,Medium,Neutral
Listen to Me (Fusion #1),58.99,In stock,3,High,Neutral
Kitchens of the Great Midwest,57.2,In stock,5,High,Positive
Jane Eyre,38.43,In stock,5,Medium,Neutral
Imperfect Harmony,34.74,In stock,4,Medium,Neutral
Icing (Aces Hockey #2),40.44,In stock,4,High,Neutral
"Hawkeye, Vol. 1: My Life as a Weapon (Hawkeye #1)",45.24,In stock,3,High,Neutral
Having the Barbarian's Baby (Ice Planet Barbarians #7.5),34.96,In stock,4,Medium,Negative
"Giant Days, Vol. 1 (Giant Days #1-4)",56.76,In stock,4,High,Neutral
"Fruits Basket, Vol. 1 (Fruits Basket #1)",40.28,In stock,5,High,Neutral
Frankenstein,38.0,In stock,2,Medium,Neutral
Forever Rockers (The Rocker #12),28.8,In stock,3,Medium,Neutral
Fighting Fate (Fighting #6),39.24,In stock,3,Medium,Neutral
Emma,32.93,In stock,2,Medium,Neutral
"Eat, Pray, Love",51.32,In stock,3,High,Positive
Deep Under (Walker Security #1),47.09,In stock,5,High,Neutral
Choosing Our Religion: The Spiritual Lives of America's Nones,28.42,In stock,4,Medium,Neutral
Charlie and the Chocolate Factory (Charlie Bucket #1),22.85,In stock,3,Medium,Neutral
Charity's Cross (Charles Towne Belles #4),41.24,In stock,1,High,Neutral
Bright Lines,39.07,In stock,5,Medium,Positive
Bridget Jones's Diary (Bridget Jones #1),29.82,In stock,1,Medium,Neutral
Bounty (Colorado Mountain #7),37.26,In stock,4,Medium,Neutral
Blood Defense (Samantha Brinkman #1),20.3,In stock,3,Medium,Neutral
"Bleach, Vol. 1: Strawberry and the Soul Reapers (Bleach #1)",34.65,In stock,5,Medium,Neutral
Beyond Good and Evil,43.38,In stock,1,High,Negative
Alice in Wonderland (Alice's Adventures in Wonderland #1),55.53,In stock,1,High,Neutral
"Ajin: Demi-Human, Volume 1 (Ajin: Demi-Human #1)",57.06,In stock,4,High,Neutral
A Spy's Devotion (The Regency Spies of London #1),16.97,In stock,5,Low,Neutral
1st to Die (Women's Murder Club #1),53.98,In stock,1,High,Neutral
"1,000 Places to See Before You Die",26.08,In stock,5,Medium,Neutral
